Timing Analyzer report for uart
Sun Mar 29 19:19:45 2026
Quartus Prime Version 18.1.0 Build 625 09/12/2018 SJ Lite Edition


---------------------
; Table of Contents ;
---------------------
  1. Legal Notice
  2. Timing Analyzer Summary
  3. Clocks
  4. Slow 1200mV 85C Model Fmax Summary
  5. Timing Closure Recommendations
  6. Slow 1200mV 85C Model Setup Summary
  7. Slow 1200mV 85C Model Hold Summary
  8. Slow 1200mV 85C Model Recovery Summary
  9. Slow 1200mV 85C Model Removal Summary
 10. Slow 1200mV 85C Model Minimum Pulse Width Summary
 11. Slow 1200mV 85C Model Setup: 'clk'
 12. Slow 1200mV 85C Model Hold: 'clk'
 13. Slow 1200mV 85C Model Metastability Summary
 14. Slow 1200mV 0C Model Fmax Summary
 15. Slow 1200mV 0C Model Setup Summary
 16. Slow 1200mV 0C Model Hold Summary
 17. Slow 1200mV 0C Model Recovery Summary
 18. Slow 1200mV 0C Model Removal Summary
 19. Slow 1200mV 0C Model Minimum Pulse Width Summary
 20. Slow 1200mV 0C Model Setup: 'clk'
 21. Slow 1200mV 0C Model Hold: 'clk'
 22. Slow 1200mV 0C Model Metastability Summary
 23. Fast 1200mV 0C Model Setup Summary
 24. Fast 1200mV 0C Model Hold Summary
 25. Fast 1200mV 0C Model Recovery Summary
 26. Fast 1200mV 0C Model Removal Summary
 27. Fast 1200mV 0C Model Minimum Pulse Width Summary
 28. Fast 1200mV 0C Model Setup: 'clk'
 29. Fast 1200mV 0C Model Hold: 'clk'
 30. Fast 1200mV 0C Model Metastability Summary
 31. Multicorner Timing Analysis Summary
 32. Board Trace Model Assignments
 33. Input Transition Times
 34. Signal Integrity Metrics (Slow 1200mv 0c Model)
 35. Signal Integrity Metrics (Slow 1200mv 85c Model)
 36. Signal Integrity Metrics (Fast 1200mv 0c Model)
 37. Setup Transfers
 38. Hold Transfers
 39. Report TCCS
 40. Report RSKM
 41. Unconstrained Paths Summary
 42. Clock Status Summary
 43. Unconstrained Input Ports
 44. Unconstrained Output Ports
 45. Unconstrained Input Ports
 46. Unconstrained Output Ports
 47. Timing Analyzer Messages



----------------
; Legal Notice ;
----------------
Copyright (C) 2018  Intel Corporation. All rights reserved.
Your use of Intel Corporation's design tools, logic functions 
and other software and tools, and its AMPP partner logic 
functions, and any output files from any of the foregoing 
(including device programming or simulation files), and any 
associated documentation or information are expressly subject 
to the terms and conditions of the Intel Program License 
Subscription Agreement, the Intel Quartus Prime License Agreement,
the Intel FPGA IP License Agreement, or other applicable license
agreement, including, without limitation, that your use is for
the sole purpose of programming logic devices manufactured by
Intel and sold by Intel or its authorized distributors.  Please
refer to the applicable agreement for further details.



+-----------------------------------------------------------------------------+
; Timing Analyzer Summary                                                     ;
+-----------------------+-----------------------------------------------------+
; Quartus Prime Version ; Version 18.1.0 Build 625 09/12/2018 SJ Lite Edition ;
; Timing Analyzer       ; Legacy Timing Analyzer                              ;
; Revision Name         ; uart                                                ;
; Device Family         ; Cyclone IV E                                        ;
; Device Name           ; EP4CE6E22C8                                         ;
; Timing Models         ; Final                                               ;
; Delay Model           ; Combined                                            ;
; Rise/Fall Delays      ; Enabled                                             ;
+-----------------------+-----------------------------------------------------+


+---------------------------------------------------------------------------------------------------------------------------------------------------------------------------------+
; Clocks                                                                                                                                                                          ;
+------------+------+--------+------------+-------+-------+------------+-----------+-------------+-------+--------+-----------+------------+----------+--------+--------+---------+
; Clock Name ; Type ; Period ; Frequency  ; Rise  ; Fall  ; Duty Cycle ; Divide by ; Multiply by ; Phase ; Offset ; Edge List ; Edge Shift ; Inverted ; Master ; Source ; Targets ;
+------------+------+--------+------------+-------+-------+------------+-----------+-------------+-------+--------+-----------+------------+----------+--------+--------+---------+
; clk        ; Base ; 1.000  ; 1000.0 MHz ; 0.000 ; 0.500 ;            ;           ;             ;       ;        ;           ;            ;          ;        ;        ; { clk } ;
+------------+------+--------+------------+-------+-------+------------+-----------+-------------+-------+--------+-----------+------------+----------+--------+--------+---------+


+--------------------------------------------------+
; Slow 1200mV 85C Model Fmax Summary               ;
+------------+-----------------+------------+------+
; Fmax       ; Restricted Fmax ; Clock Name ; Note ;
+------------+-----------------+------------+------+
; 133.49 MHz ; 133.49 MHz      ; clk        ;      ;
+------------+-----------------+------------+------+
This panel reports FMAX for every clock in the design, regardless of the user-specified clock periods.  FMAX is only computed for paths where the source and destination registers or ports are driven by the same clock.  Paths of different clocks, including generated clocks, are ignored.  For paths between a clock and its inversion, FMAX is computed as if the rising and falling edges are scaled along with FMAX, such that the duty cycle (in terms of a percentage) is maintained. Altera recommends that you always use clock constraints and other slack reports for sign-off analysis.


----------------------------------
; Timing Closure Recommendations ;
----------------------------------
HTML report is unavailable in plain text report export.


+-------------------------------------+
; Slow 1200mV 85C Model Setup Summary ;
+-------+--------+--------------------+
; Clock ; Slack  ; End Point TNS      ;
+-------+--------+--------------------+
; clk   ; -6.491 ; -477.038           ;
+-------+--------+--------------------+


+------------------------------------+
; Slow 1200mV 85C Model Hold Summary ;
+-------+-------+--------------------+
; Clock ; Slack ; End Point TNS      ;
+-------+-------+--------------------+
; clk   ; 0.432 ; 0.000              ;
+-------+-------+--------------------+


------------------------------------------
; Slow 1200mV 85C Model Recovery Summary ;
------------------------------------------
No paths to report.


-----------------------------------------
; Slow 1200mV 85C Model Removal Summary ;
-----------------------------------------
No paths to report.


+---------------------------------------------------+
; Slow 1200mV 85C Model Minimum Pulse Width Summary ;
+-------+--------+----------------------------------+
; Clock ; Slack  ; End Point TNS                    ;
+-------+--------+----------------------------------+
; clk   ; -3.201 ; -293.294                         ;
+-------+--------+----------------------------------+


+------------------------------------------------------------------------------------------------------------------------------------------------------------------------------------------------------------------------------+
; Slow 1200mV 85C Model Setup: 'clk'                                                                                                                                                                                           ;
+--------+----------------------------------------------------------------------------------------------------------+------------------------------------+--------------+-------------+--------------+------------+------------+
; Slack  ; From Node                                                                                                ; To Node                            ; Launch Clock ; Latch Clock ; Relationship ; Clock Skew ; Data Delay ;
+--------+----------------------------------------------------------------------------------------------------------+------------------------------------+--------------+-------------+--------------+------------+------------+
; -6.491 ; fifo:rx_fifo_inst|altsyncram:memory_rtl_0|altsyncram_5pd1:auto_generated|ram_block1a0~portb_address_reg0 ; checksum_error                     ; clk          ; clk         ; 1.000        ; -0.481     ; 7.011      ;
; -5.527 ; fifo:rx_fifo_inst|altsyncram:memory_rtl_0|altsyncram_5pd1:auto_generated|ram_block1a0~portb_address_reg0 ; hold_cmd[1]                        ; clk          ; clk         ; 1.000        ; -0.498     ; 6.030      ;
; -5.485 ; fifo:rx_fifo_inst|altsyncram:memory_rtl_0|altsyncram_5pd1:auto_generated|ram_block1a0~portb_address_reg0 ; hold_data[1]                       ; clk          ; clk         ; 1.000        ; -0.065     ; 6.421      ;
; -5.472 ; fifo:rx_fifo_inst|altsyncram:memory_rtl_0|altsyncram_5pd1:auto_generated|ram_block1a0~portb_address_reg0 ; p_state[0]                         ; clk          ; clk         ; 1.000        ; 0.031      ; 6.504      ;
; -5.383 ; fifo:rx_fifo_inst|altsyncram:memory_rtl_0|altsyncram_5pd1:auto_generated|ram_block1a0~portb_address_reg0 ; hold_cmd[0]                        ; clk          ; clk         ; 1.000        ; -0.498     ; 5.886      ;
; -5.331 ; fifo:tx_fifo_inst|altsyncram:memory_rtl_0|altsyncram_5pd1:auto_generated|ram_block1a0~portb_address_reg0 ; uart_tx_fixed:tx_inst|shift_reg[7] ; clk          ; clk         ; 1.000        ; -0.483     ; 5.849      ;
; -5.325 ; fifo:rx_fifo_inst|altsyncram:memory_rtl_0|altsyncram_5pd1:auto_generated|ram_block1a0~portb_address_reg0 ; hold_cmd[2]                        ; clk          ; clk         ; 1.000        ; -0.061     ; 6.265      ;
; -5.307 ; fifo:rx_fifo_inst|altsyncram:memory_rtl_0|altsyncram_5pd1:auto_generated|ram_block1a0~portb_address_reg0 ; hold_cmd[5]                        ; clk          ; clk         ; 1.000        ; -0.061     ; 6.247      ;
; -5.235 ; fifo:rx_fifo_inst|altsyncram:memory_rtl_0|altsyncram_5pd1:auto_generated|ram_block1a0~portb_address_reg0 ; hold_cmd[3]                        ; clk          ; clk         ; 1.000        ; -0.061     ; 6.175      ;
; -5.232 ; fifo:rx_fifo_inst|altsyncram:memory_rtl_0|altsyncram_5pd1:auto_generated|ram_block1a0~portb_address_reg0 ; hold_cmd[6]                        ; clk          ; clk         ; 1.000        ; -0.061     ; 6.172      ;
; -5.191 ; fifo:rx_fifo_inst|altsyncram:memory_rtl_0|altsyncram_5pd1:auto_generated|ram_block1a0~portb_address_reg0 ; hold_cmd[4]                        ; clk          ; clk         ; 1.000        ; -0.061     ; 6.131      ;
; -4.987 ; fifo:rx_fifo_inst|altsyncram:memory_rtl_0|altsyncram_5pd1:auto_generated|ram_block1a0~portb_address_reg0 ; hold_cmd[7]                        ; clk          ; clk         ; 1.000        ; -0.061     ; 5.927      ;
; -4.948 ; fifo:rx_fifo_inst|altsyncram:memory_rtl_0|altsyncram_5pd1:auto_generated|ram_block1a0~portb_address_reg0 ; hold_data[0]                       ; clk          ; clk         ; 1.000        ; -0.065     ; 5.884      ;
; -4.776 ; fifo:rx_fifo_inst|altsyncram:memory_rtl_0|altsyncram_5pd1:auto_generated|ram_block1a0~portb_address_reg0 ; hold_data[2]                       ; clk          ; clk         ; 1.000        ; -0.481     ; 5.296      ;
; -4.699 ; hold_data[0]                                                                                             ; checksum_error                     ; clk          ; clk         ; 1.000        ; -0.515     ; 5.185      ;
; -4.573 ; fifo:tx_fifo_inst|memory_rtl_0_bypass[3]                                                                 ; uart_tx_fixed:tx_inst|shift_reg[4] ; clk          ; clk         ; 1.000        ; -0.081     ; 5.493      ;
; -4.571 ; fifo:tx_fifo_inst|memory_rtl_0_bypass[3]                                                                 ; uart_tx_fixed:tx_inst|shift_reg[6] ; clk          ; clk         ; 1.000        ; -0.081     ; 5.491      ;
; -4.474 ; fifo:rx_fifo_inst|altsyncram:memory_rtl_0|altsyncram_5pd1:auto_generated|ram_block1a0~portb_address_reg0 ; hold_data[5]                       ; clk          ; clk         ; 1.000        ; -0.481     ; 4.994      ;
; -4.474 ; hold_data[1]                                                                                             ; checksum_error                     ; clk          ; clk         ; 1.000        ; -0.515     ; 4.960      ;
; -4.465 ; fifo:rx_fifo_inst|memory_rtl_0_bypass[8]                                                                 ; checksum_error                     ; clk          ; clk         ; 1.000        ; -0.088     ; 5.378      ;
; -4.456 ; fifo:rx_fifo_inst|memory_rtl_0_bypass[7]                                                                 ; checksum_error                     ; clk          ; clk         ; 1.000        ; -0.088     ; 5.369      ;
; -4.449 ; fifo:rx_fifo_inst|altsyncram:memory_rtl_0|altsyncram_5pd1:auto_generated|ram_block1a0~portb_address_reg0 ; hold_data[3]                       ; clk          ; clk         ; 1.000        ; -0.481     ; 4.969      ;
; -4.445 ; fifo:rx_fifo_inst|altsyncram:memory_rtl_0|altsyncram_5pd1:auto_generated|ram_block1a0~portb_address_reg0 ; hold_data[7]                       ; clk          ; clk         ; 1.000        ; -0.481     ; 4.965      ;
; -4.417 ; fifo:tx_fifo_inst|memory_rtl_0_bypass[2]                                                                 ; uart_tx_fixed:tx_inst|shift_reg[4] ; clk          ; clk         ; 1.000        ; -0.081     ; 5.337      ;
; -4.416 ; fifo:rx_fifo_inst|memory_rtl_0_bypass[1]                                                                 ; checksum_error                     ; clk          ; clk         ; 1.000        ; -0.088     ; 5.329      ;
; -4.415 ; fifo:tx_fifo_inst|memory_rtl_0_bypass[2]                                                                 ; uart_tx_fixed:tx_inst|shift_reg[6] ; clk          ; clk         ; 1.000        ; -0.081     ; 5.335      ;
; -4.407 ; fifo:rx_fifo_inst|altsyncram:memory_rtl_0|altsyncram_5pd1:auto_generated|ram_block1a0~portb_address_reg0 ; hold_data[4]                       ; clk          ; clk         ; 1.000        ; -0.481     ; 4.927      ;
; -4.405 ; fifo:rx_fifo_inst|altsyncram:memory_rtl_0|altsyncram_5pd1:auto_generated|ram_block1a0~portb_address_reg0 ; hold_data[6]                       ; clk          ; clk         ; 1.000        ; -0.481     ; 4.925      ;
; -4.361 ; fifo:tx_fifo_inst|altsyncram:memory_rtl_0|altsyncram_5pd1:auto_generated|ram_block1a0~portb_address_reg0 ; uart_tx_fixed:tx_inst|shift_reg[0] ; clk          ; clk         ; 1.000        ; -0.481     ; 4.881      ;
; -4.334 ; fifo:tx_fifo_inst|altsyncram:memory_rtl_0|altsyncram_5pd1:auto_generated|ram_block1a0~portb_address_reg0 ; uart_tx_fixed:tx_inst|shift_reg[5] ; clk          ; clk         ; 1.000        ; -0.481     ; 4.854      ;
; -4.288 ; fifo:rx_fifo_inst|rd_ptr[1]                                                                              ; checksum_error                     ; clk          ; clk         ; 1.000        ; -0.089     ; 5.200      ;
; -4.271 ; fifo:tx_fifo_inst|memory_rtl_0_bypass[8]                                                                 ; uart_tx_fixed:tx_inst|shift_reg[4] ; clk          ; clk         ; 1.000        ; -0.081     ; 5.191      ;
; -4.269 ; fifo:tx_fifo_inst|memory_rtl_0_bypass[8]                                                                 ; uart_tx_fixed:tx_inst|shift_reg[6] ; clk          ; clk         ; 1.000        ; -0.081     ; 5.189      ;
; -4.264 ; fifo:tx_fifo_inst|altsyncram:memory_rtl_0|altsyncram_5pd1:auto_generated|ram_block1a0~portb_address_reg0 ; uart_tx_fixed:tx_inst|shift_reg[1] ; clk          ; clk         ; 1.000        ; -0.481     ; 4.784      ;
; -4.229 ; fifo:rx_fifo_inst|wr_ptr[1]                                                                              ; checksum_error                     ; clk          ; clk         ; 1.000        ; -0.089     ; 5.141      ;
; -4.210 ; fifo:tx_fifo_inst|memory_rtl_0_bypass[3]                                                                 ; uart_tx_fixed:tx_inst|shift_reg[2] ; clk          ; clk         ; 1.000        ; -0.081     ; 5.130      ;
; -4.204 ; fifo:tx_fifo_inst|memory_rtl_0_bypass[3]                                                                 ; uart_tx_fixed:tx_inst|shift_reg[0] ; clk          ; clk         ; 1.000        ; -0.081     ; 5.124      ;
; -4.188 ; fifo:tx_fifo_inst|memory_rtl_0_bypass[3]                                                                 ; uart_tx_fixed:tx_inst|shift_reg[5] ; clk          ; clk         ; 1.000        ; -0.081     ; 5.108      ;
; -4.184 ; fifo:tx_fifo_inst|altsyncram:memory_rtl_0|altsyncram_5pd1:auto_generated|ram_block1a0~portb_address_reg0 ; uart_tx_fixed:tx_inst|shift_reg[2] ; clk          ; clk         ; 1.000        ; -0.481     ; 4.704      ;
; -4.162 ; hold_cmd[3]                                                                                              ; checksum_error                     ; clk          ; clk         ; 1.000        ; -0.518     ; 4.645      ;
; -4.149 ; fifo:tx_fifo_inst|altsyncram:memory_rtl_0|altsyncram_5pd1:auto_generated|ram_block1a0~portb_address_reg0 ; uart_tx_fixed:tx_inst|shift_reg[3] ; clk          ; clk         ; 1.000        ; -0.481     ; 4.669      ;
; -4.146 ; fifo:tx_fifo_inst|altsyncram:memory_rtl_0|altsyncram_5pd1:auto_generated|ram_block1a0~portb_address_reg0 ; uart_tx_fixed:tx_inst|shift_reg[4] ; clk          ; clk         ; 1.000        ; -0.481     ; 4.666      ;
; -4.142 ; hold_data[2]                                                                                             ; checksum_error                     ; clk          ; clk         ; 1.000        ; -0.081     ; 5.062      ;
; -4.119 ; fifo:rx_fifo_inst|memory_rtl_0_bypass[5]                                                                 ; checksum_error                     ; clk          ; clk         ; 1.000        ; -0.088     ; 5.032      ;
; -4.112 ; fifo:tx_fifo_inst|altsyncram:memory_rtl_0|altsyncram_5pd1:auto_generated|ram_block1a0~portb_address_reg0 ; uart_tx_fixed:tx_inst|shift_reg[6] ; clk          ; clk         ; 1.000        ; -0.481     ; 4.632      ;
; -4.092 ; fifo:tx_fifo_inst|memory_rtl_0_bypass[4]                                                                 ; uart_tx_fixed:tx_inst|shift_reg[4] ; clk          ; clk         ; 1.000        ; -0.081     ; 5.012      ;
; -4.090 ; fifo:tx_fifo_inst|memory_rtl_0_bypass[4]                                                                 ; uart_tx_fixed:tx_inst|shift_reg[6] ; clk          ; clk         ; 1.000        ; -0.081     ; 5.010      ;
; -4.090 ; fifo:rx_fifo_inst|wr_ptr[0]                                                                              ; checksum_error                     ; clk          ; clk         ; 1.000        ; -0.089     ; 5.002      ;
; -4.085 ; fifo:rx_fifo_inst|wr_ptr[2]                                                                              ; checksum_error                     ; clk          ; clk         ; 1.000        ; -0.089     ; 4.997      ;
; -4.071 ; hold_cmd[2]                                                                                              ; checksum_error                     ; clk          ; clk         ; 1.000        ; -0.518     ; 4.554      ;
; -4.067 ; fifo:tx_fifo_inst|memory_rtl_0_bypass[7]                                                                 ; uart_tx_fixed:tx_inst|shift_reg[4] ; clk          ; clk         ; 1.000        ; -0.081     ; 4.987      ;
; -4.065 ; fifo:tx_fifo_inst|memory_rtl_0_bypass[7]                                                                 ; uart_tx_fixed:tx_inst|shift_reg[6] ; clk          ; clk         ; 1.000        ; -0.081     ; 4.985      ;
; -4.054 ; fifo:tx_fifo_inst|memory_rtl_0_bypass[2]                                                                 ; uart_tx_fixed:tx_inst|shift_reg[2] ; clk          ; clk         ; 1.000        ; -0.081     ; 4.974      ;
; -4.052 ; hold_cmd[1]                                                                                              ; checksum_error                     ; clk          ; clk         ; 1.000        ; -0.064     ; 4.989      ;
; -4.052 ; fifo:rx_fifo_inst|memory_rtl_0_bypass[6]                                                                 ; checksum_error                     ; clk          ; clk         ; 1.000        ; -0.088     ; 4.965      ;
; -4.048 ; fifo:tx_fifo_inst|memory_rtl_0_bypass[2]                                                                 ; uart_tx_fixed:tx_inst|shift_reg[0] ; clk          ; clk         ; 1.000        ; -0.081     ; 4.968      ;
; -4.039 ; fifo:rx_fifo_inst|rd_ptr[2]                                                                              ; checksum_error                     ; clk          ; clk         ; 1.000        ; -0.089     ; 4.951      ;
; -4.032 ; fifo:tx_fifo_inst|memory_rtl_0_bypass[2]                                                                 ; uart_tx_fixed:tx_inst|shift_reg[5] ; clk          ; clk         ; 1.000        ; -0.081     ; 4.952      ;
; -4.023 ; fifo:tx_fifo_inst|memory_rtl_0_bypass[1]                                                                 ; uart_tx_fixed:tx_inst|shift_reg[4] ; clk          ; clk         ; 1.000        ; -0.081     ; 4.943      ;
; -4.021 ; fifo:tx_fifo_inst|memory_rtl_0_bypass[1]                                                                 ; uart_tx_fixed:tx_inst|shift_reg[6] ; clk          ; clk         ; 1.000        ; -0.081     ; 4.941      ;
; -4.014 ; hold_data[3]                                                                                             ; checksum_error                     ; clk          ; clk         ; 1.000        ; -0.081     ; 4.934      ;
; -4.013 ; hold_cmd[5]                                                                                              ; checksum_error                     ; clk          ; clk         ; 1.000        ; -0.518     ; 4.496      ;
; -4.009 ; fifo:tx_fifo_inst|memory_rtl_0_bypass[3]                                                                 ; uart_tx_fixed:tx_inst|shift_reg[3] ; clk          ; clk         ; 1.000        ; -0.081     ; 4.929      ;
; -3.989 ; fifo:rx_fifo_inst|rd_ptr[0]                                                                              ; checksum_error                     ; clk          ; clk         ; 1.000        ; -0.089     ; 4.901      ;
; -3.972 ; fifo:rx_fifo_inst|memory_rtl_0_bypass[2]                                                                 ; checksum_error                     ; clk          ; clk         ; 1.000        ; -0.088     ; 4.885      ;
; -3.971 ; hold_cmd[0]                                                                                              ; checksum_error                     ; clk          ; clk         ; 1.000        ; -0.064     ; 4.908      ;
; -3.926 ; hold_cmd[4]                                                                                              ; checksum_error                     ; clk          ; clk         ; 1.000        ; -0.518     ; 4.409      ;
; -3.908 ; fifo:tx_fifo_inst|memory_rtl_0_bypass[8]                                                                 ; uart_tx_fixed:tx_inst|shift_reg[2] ; clk          ; clk         ; 1.000        ; -0.081     ; 4.828      ;
; -3.902 ; fifo:tx_fifo_inst|memory_rtl_0_bypass[8]                                                                 ; uart_tx_fixed:tx_inst|shift_reg[0] ; clk          ; clk         ; 1.000        ; -0.081     ; 4.822      ;
; -3.900 ; fifo:tx_fifo_inst|memory_rtl_0_bypass[6]                                                                 ; uart_tx_fixed:tx_inst|shift_reg[4] ; clk          ; clk         ; 1.000        ; -0.081     ; 4.820      ;
; -3.898 ; fifo:tx_fifo_inst|memory_rtl_0_bypass[6]                                                                 ; uart_tx_fixed:tx_inst|shift_reg[6] ; clk          ; clk         ; 1.000        ; -0.081     ; 4.818      ;
; -3.886 ; fifo:tx_fifo_inst|memory_rtl_0_bypass[8]                                                                 ; uart_tx_fixed:tx_inst|shift_reg[5] ; clk          ; clk         ; 1.000        ; -0.081     ; 4.806      ;
; -3.863 ; fifo:rx_fifo_inst|wr_ptr[3]                                                                              ; checksum_error                     ; clk          ; clk         ; 1.000        ; -0.089     ; 4.775      ;
; -3.855 ; fifo:tx_fifo_inst|memory_rtl_0_bypass[3]                                                                 ; uart_tx_fixed:tx_inst|shift_reg[1] ; clk          ; clk         ; 1.000        ; -0.081     ; 4.775      ;
; -3.853 ; fifo:tx_fifo_inst|memory_rtl_0_bypass[2]                                                                 ; uart_tx_fixed:tx_inst|shift_reg[3] ; clk          ; clk         ; 1.000        ; -0.081     ; 4.773      ;
; -3.837 ; hold_data[5]                                                                                             ; checksum_error                     ; clk          ; clk         ; 1.000        ; -0.081     ; 4.757      ;
; -3.829 ; fifo:rx_fifo_inst|rd_ptr[1]                                                                              ; hold_cmd[0]                        ; clk          ; clk         ; 1.000        ; -0.106     ; 4.724      ;
; -3.829 ; fifo:rx_fifo_inst|rd_ptr[1]                                                                              ; hold_cmd[1]                        ; clk          ; clk         ; 1.000        ; -0.106     ; 4.724      ;
; -3.815 ; fifo:rx_fifo_inst|rd_ptr[3]                                                                              ; checksum_error                     ; clk          ; clk         ; 1.000        ; -0.088     ; 4.728      ;
; -3.770 ; fifo:rx_fifo_inst|wr_ptr[1]                                                                              ; hold_cmd[0]                        ; clk          ; clk         ; 1.000        ; -0.106     ; 4.665      ;
; -3.770 ; fifo:rx_fifo_inst|wr_ptr[1]                                                                              ; hold_cmd[1]                        ; clk          ; clk         ; 1.000        ; -0.106     ; 4.665      ;
; -3.748 ; hold_data[4]                                                                                             ; checksum_error                     ; clk          ; clk         ; 1.000        ; -0.081     ; 4.668      ;
; -3.729 ; fifo:tx_fifo_inst|memory_rtl_0_bypass[4]                                                                 ; uart_tx_fixed:tx_inst|shift_reg[2] ; clk          ; clk         ; 1.000        ; -0.081     ; 4.649      ;
; -3.723 ; fifo:tx_fifo_inst|memory_rtl_0_bypass[4]                                                                 ; uart_tx_fixed:tx_inst|shift_reg[0] ; clk          ; clk         ; 1.000        ; -0.081     ; 4.643      ;
; -3.707 ; fifo:tx_fifo_inst|memory_rtl_0_bypass[4]                                                                 ; uart_tx_fixed:tx_inst|shift_reg[5] ; clk          ; clk         ; 1.000        ; -0.081     ; 4.627      ;
; -3.707 ; fifo:tx_fifo_inst|memory_rtl_0_bypass[8]                                                                 ; uart_tx_fixed:tx_inst|shift_reg[3] ; clk          ; clk         ; 1.000        ; -0.081     ; 4.627      ;
; -3.704 ; fifo:tx_fifo_inst|memory_rtl_0_bypass[7]                                                                 ; uart_tx_fixed:tx_inst|shift_reg[2] ; clk          ; clk         ; 1.000        ; -0.081     ; 4.624      ;
; -3.699 ; fifo:tx_fifo_inst|memory_rtl_0_bypass[2]                                                                 ; uart_tx_fixed:tx_inst|shift_reg[1] ; clk          ; clk         ; 1.000        ; -0.081     ; 4.619      ;
; -3.698 ; fifo:tx_fifo_inst|memory_rtl_0_bypass[7]                                                                 ; uart_tx_fixed:tx_inst|shift_reg[0] ; clk          ; clk         ; 1.000        ; -0.081     ; 4.618      ;
; -3.682 ; fifo:tx_fifo_inst|memory_rtl_0_bypass[7]                                                                 ; uart_tx_fixed:tx_inst|shift_reg[5] ; clk          ; clk         ; 1.000        ; -0.081     ; 4.602      ;
; -3.660 ; fifo:tx_fifo_inst|memory_rtl_0_bypass[1]                                                                 ; uart_tx_fixed:tx_inst|shift_reg[2] ; clk          ; clk         ; 1.000        ; -0.081     ; 4.580      ;
; -3.654 ; fifo:tx_fifo_inst|memory_rtl_0_bypass[1]                                                                 ; uart_tx_fixed:tx_inst|shift_reg[0] ; clk          ; clk         ; 1.000        ; -0.081     ; 4.574      ;
; -3.652 ; fifo:rx_fifo_inst|wr_ptr[2]                                                                              ; hold_cmd[0]                        ; clk          ; clk         ; 1.000        ; -0.106     ; 4.547      ;
; -3.652 ; fifo:rx_fifo_inst|wr_ptr[2]                                                                              ; hold_cmd[1]                        ; clk          ; clk         ; 1.000        ; -0.106     ; 4.547      ;
; -3.638 ; fifo:tx_fifo_inst|memory_rtl_0_bypass[1]                                                                 ; uart_tx_fixed:tx_inst|shift_reg[5] ; clk          ; clk         ; 1.000        ; -0.081     ; 4.558      ;
; -3.636 ; fifo:rx_fifo_inst|memory_rtl_0_bypass[3]                                                                 ; checksum_error                     ; clk          ; clk         ; 1.000        ; -0.088     ; 4.549      ;
; -3.631 ; fifo:tx_fifo_inst|memory_rtl_0_bypass[5]                                                                 ; uart_tx_fixed:tx_inst|shift_reg[4] ; clk          ; clk         ; 1.000        ; -0.081     ; 4.551      ;
; -3.631 ; fifo:rx_fifo_inst|wr_ptr[0]                                                                              ; hold_cmd[0]                        ; clk          ; clk         ; 1.000        ; -0.106     ; 4.526      ;
; -3.631 ; fifo:rx_fifo_inst|wr_ptr[0]                                                                              ; hold_cmd[1]                        ; clk          ; clk         ; 1.000        ; -0.106     ; 4.526      ;
; -3.629 ; fifo:tx_fifo_inst|memory_rtl_0_bypass[5]                                                                 ; uart_tx_fixed:tx_inst|shift_reg[6] ; clk          ; clk         ; 1.000        ; -0.081     ; 4.549      ;
+--------+----------------------------------------------------------------------------------------------------------+------------------------------------+--------------+-------------+--------------+------------+------------+


+------------------------------------------------------------------------------------------------------------------------------------------------------------------------------------------------------------------------------------+
; Slow 1200mV 85C Model Hold: 'clk'                                                                                                                                                                                                  ;
+-------+-------------------------------------------+----------------------------------------------------------------------------------------------------------+--------------+-------------+--------------+------------+------------+
; Slack ; From Node                                 ; To Node                                                                                                  ; Launch Clock ; Latch Clock ; Relationship ; Clock Skew ; Data Delay ;
+-------+-------------------------------------------+----------------------------------------------------------------------------------------------------------+--------------+-------------+--------------+------------+------------+
; 0.432 ; debug_mode[0]                             ; debug_mode[0]                                                                                            ; clk          ; clk         ; 0.000        ; 0.102      ; 0.746      ;
; 0.432 ; p_state[0]                                ; p_state[0]                                                                                               ; clk          ; clk         ; 0.000        ; 0.102      ; 0.746      ;
; 0.444 ; wait_fifo                                 ; wait_fifo                                                                                                ; clk          ; clk         ; 0.000        ; 0.102      ; 0.758      ;
; 0.446 ; debug_counter[0]                          ; debug_counter[0]                                                                                         ; clk          ; clk         ; 0.000        ; 0.100      ; 0.758      ;
; 0.452 ; fifo:rx_fifo_inst|wr_ptr[0]               ; fifo:rx_fifo_inst|wr_ptr[0]                                                                              ; clk          ; clk         ; 0.000        ; 0.082      ; 0.746      ;
; 0.452 ; fifo:rx_fifo_inst|rd_ptr[1]               ; fifo:rx_fifo_inst|rd_ptr[1]                                                                              ; clk          ; clk         ; 0.000        ; 0.082      ; 0.746      ;
; 0.452 ; fifo:rx_fifo_inst|rd_ptr[2]               ; fifo:rx_fifo_inst|rd_ptr[2]                                                                              ; clk          ; clk         ; 0.000        ; 0.082      ; 0.746      ;
; 0.452 ; fifo:rx_fifo_inst|rd_ptr[3]               ; fifo:rx_fifo_inst|rd_ptr[3]                                                                              ; clk          ; clk         ; 0.000        ; 0.082      ; 0.746      ;
; 0.452 ; fifo:rx_fifo_inst|rd_ptr[4]               ; fifo:rx_fifo_inst|rd_ptr[4]                                                                              ; clk          ; clk         ; 0.000        ; 0.082      ; 0.746      ;
; 0.452 ; fifo:rx_fifo_inst|rd_ptr[0]               ; fifo:rx_fifo_inst|rd_ptr[0]                                                                              ; clk          ; clk         ; 0.000        ; 0.082      ; 0.746      ;
; 0.453 ; debug_mode[2]                             ; debug_mode[2]                                                                                            ; clk          ; clk         ; 0.000        ; 0.081      ; 0.746      ;
; 0.453 ; debug_mode[1]                             ; debug_mode[1]                                                                                            ; clk          ; clk         ; 0.000        ; 0.081      ; 0.746      ;
; 0.453 ; p_state[1]                                ; p_state[1]                                                                                               ; clk          ; clk         ; 0.000        ; 0.081      ; 0.746      ;
; 0.453 ; fifo:tx_fifo_inst|wr_ptr[0]               ; fifo:tx_fifo_inst|wr_ptr[0]                                                                              ; clk          ; clk         ; 0.000        ; 0.081      ; 0.746      ;
; 0.453 ; uart_tx_fixed:tx_inst|bit_cnt[1]          ; uart_tx_fixed:tx_inst|bit_cnt[1]                                                                         ; clk          ; clk         ; 0.000        ; 0.081      ; 0.746      ;
; 0.453 ; uart_tx_fixed:tx_inst|bit_cnt[2]          ; uart_tx_fixed:tx_inst|bit_cnt[2]                                                                         ; clk          ; clk         ; 0.000        ; 0.081      ; 0.746      ;
; 0.453 ; uart_tx_fixed:tx_inst|bit_cnt[0]          ; uart_tx_fixed:tx_inst|bit_cnt[0]                                                                         ; clk          ; clk         ; 0.000        ; 0.081      ; 0.746      ;
; 0.453 ; uart_tx_fixed:tx_inst|state.STOP          ; uart_tx_fixed:tx_inst|state.STOP                                                                         ; clk          ; clk         ; 0.000        ; 0.081      ; 0.746      ;
; 0.453 ; uart_tx_fixed:tx_inst|s_tick_cnt[2]       ; uart_tx_fixed:tx_inst|s_tick_cnt[2]                                                                      ; clk          ; clk         ; 0.000        ; 0.081      ; 0.746      ;
; 0.453 ; uart_tx_fixed:tx_inst|s_tick_cnt[1]       ; uart_tx_fixed:tx_inst|s_tick_cnt[1]                                                                      ; clk          ; clk         ; 0.000        ; 0.081      ; 0.746      ;
; 0.453 ; uart_tx_fixed:tx_inst|s_tick_cnt[0]       ; uart_tx_fixed:tx_inst|s_tick_cnt[0]                                                                      ; clk          ; clk         ; 0.000        ; 0.081      ; 0.746      ;
; 0.454 ; uart_rx:rx_inst|framing_err               ; uart_rx:rx_inst|framing_err                                                                              ; clk          ; clk         ; 0.000        ; 0.080      ; 0.746      ;
; 0.454 ; uart_rx:rx_inst|state.ST_STOP             ; uart_rx:rx_inst|state.ST_STOP                                                                            ; clk          ; clk         ; 0.000        ; 0.080      ; 0.746      ;
; 0.454 ; uart_rx:rx_inst|state.ST_DATA             ; uart_rx:rx_inst|state.ST_DATA                                                                            ; clk          ; clk         ; 0.000        ; 0.080      ; 0.746      ;
; 0.454 ; uart_rx:rx_inst|state.ST_START            ; uart_rx:rx_inst|state.ST_START                                                                           ; clk          ; clk         ; 0.000        ; 0.080      ; 0.746      ;
; 0.454 ; uart_rx:rx_inst|state.ST_IDLE             ; uart_rx:rx_inst|state.ST_IDLE                                                                            ; clk          ; clk         ; 0.000        ; 0.080      ; 0.746      ;
; 0.454 ; uart_rx:rx_inst|s_tick_cnt[3]             ; uart_rx:rx_inst|s_tick_cnt[3]                                                                            ; clk          ; clk         ; 0.000        ; 0.080      ; 0.746      ;
; 0.454 ; uart_rx:rx_inst|s_tick_cnt[2]             ; uart_rx:rx_inst|s_tick_cnt[2]                                                                            ; clk          ; clk         ; 0.000        ; 0.080      ; 0.746      ;
; 0.454 ; uart_rx:rx_inst|s_tick_cnt[1]             ; uart_rx:rx_inst|s_tick_cnt[1]                                                                            ; clk          ; clk         ; 0.000        ; 0.080      ; 0.746      ;
; 0.454 ; uart_rx:rx_inst|s_tick_cnt[0]             ; uart_rx:rx_inst|s_tick_cnt[0]                                                                            ; clk          ; clk         ; 0.000        ; 0.080      ; 0.746      ;
; 0.454 ; uart_rx:rx_inst|bit_cnt[2]                ; uart_rx:rx_inst|bit_cnt[2]                                                                               ; clk          ; clk         ; 0.000        ; 0.080      ; 0.746      ;
; 0.454 ; uart_rx:rx_inst|bit_cnt[0]                ; uart_rx:rx_inst|bit_cnt[0]                                                                               ; clk          ; clk         ; 0.000        ; 0.080      ; 0.746      ;
; 0.454 ; uart_rx:rx_inst|bit_cnt[1]                ; uart_rx:rx_inst|bit_cnt[1]                                                                               ; clk          ; clk         ; 0.000        ; 0.080      ; 0.746      ;
; 0.454 ; uart_tx_fixed:tx_inst|shift_reg[7]        ; uart_tx_fixed:tx_inst|shift_reg[7]                                                                       ; clk          ; clk         ; 0.000        ; 0.080      ; 0.746      ;
; 0.454 ; fifo:tx_fifo_inst|rd_ptr[2]               ; fifo:tx_fifo_inst|rd_ptr[2]                                                                              ; clk          ; clk         ; 0.000        ; 0.080      ; 0.746      ;
; 0.454 ; fifo:tx_fifo_inst|rd_ptr[3]               ; fifo:tx_fifo_inst|rd_ptr[3]                                                                              ; clk          ; clk         ; 0.000        ; 0.080      ; 0.746      ;
; 0.454 ; fifo:tx_fifo_inst|rd_ptr[1]               ; fifo:tx_fifo_inst|rd_ptr[1]                                                                              ; clk          ; clk         ; 0.000        ; 0.080      ; 0.746      ;
; 0.454 ; fifo:tx_fifo_inst|rd_ptr[4]               ; fifo:tx_fifo_inst|rd_ptr[4]                                                                              ; clk          ; clk         ; 0.000        ; 0.080      ; 0.746      ;
; 0.454 ; fifo:tx_fifo_inst|rd_ptr[0]               ; fifo:tx_fifo_inst|rd_ptr[0]                                                                              ; clk          ; clk         ; 0.000        ; 0.080      ; 0.746      ;
; 0.454 ; uart_tx_fixed:tx_inst|state.IDLE          ; uart_tx_fixed:tx_inst|state.IDLE                                                                         ; clk          ; clk         ; 0.000        ; 0.080      ; 0.746      ;
; 0.454 ; uart_tx_fixed:tx_inst|state.START         ; uart_tx_fixed:tx_inst|state.START                                                                        ; clk          ; clk         ; 0.000        ; 0.080      ; 0.746      ;
; 0.454 ; baud_gen_fixed:baud_gen_inst|count_reg[0] ; baud_gen_fixed:baud_gen_inst|count_reg[0]                                                                ; clk          ; clk         ; 0.000        ; 0.080      ; 0.746      ;
; 0.466 ; uart_rx:rx_inst|state.ST_DONE             ; uart_rx:rx_inst|state.ST_DONE                                                                            ; clk          ; clk         ; 0.000        ; 0.080      ; 0.758      ;
; 0.466 ; tx_start                                  ; tx_start                                                                                                 ; clk          ; clk         ; 0.000        ; 0.080      ; 0.758      ;
; 0.478 ; fifo:rx_fifo_inst|wr_ptr[1]               ; fifo:rx_fifo_inst|altsyncram:memory_rtl_0|altsyncram_5pd1:auto_generated|ram_block1a0~porta_address_reg0 ; clk          ; clk         ; 0.000        ; 0.473      ; 1.205      ;
; 0.488 ; fifo:rx_fifo_inst|wr_ptr[3]               ; fifo:rx_fifo_inst|altsyncram:memory_rtl_0|altsyncram_5pd1:auto_generated|ram_block1a0~porta_address_reg0 ; clk          ; clk         ; 0.000        ; 0.473      ; 1.215      ;
; 0.501 ; uart_rx:rx_inst|bit_cnt[0]                ; uart_rx:rx_inst|bit_cnt[1]                                                                               ; clk          ; clk         ; 0.000        ; 0.080      ; 0.793      ;
; 0.503 ; uart_rx:rx_inst|shift_reg[0]              ; uart_rx:rx_inst|rx_data[0]                                                                               ; clk          ; clk         ; 0.000        ; 0.081      ; 0.796      ;
; 0.503 ; fifo:rx_fifo_inst|wr_ptr[2]               ; fifo:rx_fifo_inst|altsyncram:memory_rtl_0|altsyncram_5pd1:auto_generated|ram_block1a0~porta_address_reg0 ; clk          ; clk         ; 0.000        ; 0.473      ; 1.230      ;
; 0.507 ; uart_tx_fixed:tx_inst|s_tick_cnt[0]       ; uart_tx_fixed:tx_inst|s_tick_cnt[2]                                                                      ; clk          ; clk         ; 0.000        ; 0.081      ; 0.800      ;
; 0.508 ; uart_rx:rx_inst|shift_reg[4]              ; uart_rx:rx_inst|rx_data[4]                                                                               ; clk          ; clk         ; 0.000        ; 0.081      ; 0.801      ;
; 0.508 ; uart_rx:rx_inst|shift_reg[5]              ; uart_rx:rx_inst|shift_reg[4]                                                                             ; clk          ; clk         ; 0.000        ; 0.081      ; 0.801      ;
; 0.509 ; uart_rx:rx_inst|shift_reg[2]              ; uart_rx:rx_inst|shift_reg[1]                                                                             ; clk          ; clk         ; 0.000        ; 0.081      ; 0.802      ;
; 0.509 ; uart_rx:rx_inst|shift_reg[3]              ; uart_rx:rx_inst|shift_reg[2]                                                                             ; clk          ; clk         ; 0.000        ; 0.081      ; 0.802      ;
; 0.509 ; uart_rx:rx_inst|shift_reg[5]              ; uart_rx:rx_inst|rx_data[5]                                                                               ; clk          ; clk         ; 0.000        ; 0.081      ; 0.802      ;
; 0.509 ; uart_rx:rx_inst|shift_reg[6]              ; uart_rx:rx_inst|shift_reg[5]                                                                             ; clk          ; clk         ; 0.000        ; 0.081      ; 0.802      ;
; 0.510 ; uart_rx:rx_inst|shift_reg[2]              ; uart_rx:rx_inst|rx_data[2]                                                                               ; clk          ; clk         ; 0.000        ; 0.081      ; 0.803      ;
; 0.510 ; uart_rx:rx_inst|shift_reg[3]              ; uart_rx:rx_inst|rx_data[3]                                                                               ; clk          ; clk         ; 0.000        ; 0.081      ; 0.803      ;
; 0.510 ; uart_rx:rx_inst|shift_reg[4]              ; uart_rx:rx_inst|shift_reg[3]                                                                             ; clk          ; clk         ; 0.000        ; 0.081      ; 0.803      ;
; 0.510 ; uart_rx:rx_inst|shift_reg[6]              ; uart_rx:rx_inst|rx_data[6]                                                                               ; clk          ; clk         ; 0.000        ; 0.081      ; 0.803      ;
; 0.515 ; fifo:rx_fifo_inst|rd_ptr[0]               ; fifo:rx_fifo_inst|rd_ptr[2]                                                                              ; clk          ; clk         ; 0.000        ; 0.082      ; 0.809      ;
; 0.517 ; fifo:rx_fifo_inst|rd_ptr[0]               ; fifo:rx_fifo_inst|rd_ptr[1]                                                                              ; clk          ; clk         ; 0.000        ; 0.082      ; 0.811      ;
; 0.525 ; fifo:tx_fifo_inst|rd_ptr[2]               ; fifo:tx_fifo_inst|memory_rtl_0_bypass[6]                                                                 ; clk          ; clk         ; 0.000        ; 0.080      ; 0.817      ;
; 0.527 ; uart_tx_fixed:tx_inst|state.IDLE          ; uart_tx_fixed:tx_inst|tx                                                                                 ; clk          ; clk         ; 0.000        ; 0.080      ; 0.819      ;
; 0.543 ; uart_rx:rx_inst|state.ST_DONE             ; uart_rx:rx_inst|state.ST_START                                                                           ; clk          ; clk         ; 0.000        ; 0.080      ; 0.835      ;
; 0.543 ; tx_start                                  ; uart_tx_fixed:tx_inst|state.IDLE                                                                         ; clk          ; clk         ; 0.000        ; 0.080      ; 0.835      ;
; 0.552 ; fifo:tx_fifo_inst|wr_ptr[3]               ; fifo:tx_fifo_inst|memory_rtl_0_bypass[7]                                                                 ; clk          ; clk         ; 0.000        ; 0.081      ; 0.845      ;
; 0.565 ; fifo:tx_fifo_inst|rd_ptr[0]               ; fifo:tx_fifo_inst|rd_ptr[1]                                                                              ; clk          ; clk         ; 0.000        ; 0.080      ; 0.857      ;
; 0.566 ; fifo:tx_fifo_inst|rd_ptr[0]               ; fifo:tx_fifo_inst|memory_rtl_0_bypass[4]                                                                 ; clk          ; clk         ; 0.000        ; 0.080      ; 0.858      ;
; 0.569 ; fifo:tx_fifo_inst|rd_ptr[0]               ; fifo:tx_fifo_inst|memory_rtl_0_bypass[2]                                                                 ; clk          ; clk         ; 0.000        ; 0.080      ; 0.861      ;
; 0.642 ; uart_tx_fixed:tx_inst|shift_reg[5]        ; uart_tx_fixed:tx_inst|shift_reg[4]                                                                       ; clk          ; clk         ; 0.000        ; 0.081      ; 0.935      ;
; 0.643 ; uart_tx_fixed:tx_inst|shift_reg[3]        ; uart_tx_fixed:tx_inst|shift_reg[2]                                                                       ; clk          ; clk         ; 0.000        ; 0.081      ; 0.936      ;
; 0.647 ; fifo:rx_fifo_inst|memory_rtl_0_bypass[14] ; hold_data[5]                                                                                             ; clk          ; clk         ; 0.000        ; 0.081      ; 0.940      ;
; 0.666 ; uart_tx_fixed:tx_inst|shift_reg[1]        ; uart_tx_fixed:tx_inst|shift_reg[0]                                                                       ; clk          ; clk         ; 0.000        ; 0.081      ; 0.959      ;
; 0.684 ; fifo:tx_fifo_inst|rd_ptr[1]               ; fifo:tx_fifo_inst|memory_rtl_0_bypass[6]                                                                 ; clk          ; clk         ; 0.000        ; 0.080      ; 0.976      ;
; 0.685 ; fifo:tx_fifo_inst|rd_ptr[1]               ; fifo:tx_fifo_inst|memory_rtl_0_bypass[4]                                                                 ; clk          ; clk         ; 0.000        ; 0.080      ; 0.977      ;
; 0.706 ; uart_rx:rx_inst|shift_reg[1]              ; uart_rx:rx_inst|shift_reg[0]                                                                             ; clk          ; clk         ; 0.000        ; 0.081      ; 0.999      ;
; 0.706 ; uart_rx:rx_inst|shift_reg[1]              ; uart_rx:rx_inst|rx_data[1]                                                                               ; clk          ; clk         ; 0.000        ; 0.081      ; 0.999      ;
; 0.706 ; fifo:rx_fifo_inst|wr_ptr[0]               ; fifo:rx_fifo_inst|altsyncram:memory_rtl_0|altsyncram_5pd1:auto_generated|ram_block1a0~porta_address_reg0 ; clk          ; clk         ; 0.000        ; 0.473      ; 1.433      ;
; 0.707 ; uart_rx:rx_inst|shift_reg[7]              ; uart_rx:rx_inst|shift_reg[6]                                                                             ; clk          ; clk         ; 0.000        ; 0.081      ; 1.000      ;
; 0.708 ; uart_rx:rx_inst|shift_reg[7]              ; uart_rx:rx_inst|rx_data[7]                                                                               ; clk          ; clk         ; 0.000        ; 0.081      ; 1.001      ;
; 0.710 ; fifo:tx_fifo_inst|memory~6                ; uart_tx_fixed:tx_inst|shift_reg[5]                                                                       ; clk          ; clk         ; 0.000        ; 0.080      ; 1.002      ;
; 0.715 ; fifo:rx_fifo_inst|wr_ptr[3]               ; fifo:rx_fifo_inst|memory_rtl_0_bypass[7]                                                                 ; clk          ; clk         ; 0.000        ; 0.081      ; 1.008      ;
; 0.716 ; fifo:rx_fifo_inst|wr_ptr[1]               ; fifo:rx_fifo_inst|memory_rtl_0_bypass[3]                                                                 ; clk          ; clk         ; 0.000        ; 0.081      ; 1.009      ;
; 0.736 ; uart_rx:rx_inst|rx_data[2]                ; fifo:rx_fifo_inst|altsyncram:memory_rtl_0|altsyncram_5pd1:auto_generated|ram_block1a0~porta_datain_reg0  ; clk          ; clk         ; 0.000        ; 0.500      ; 1.490      ;
; 0.736 ; uart_rx:rx_inst|rx_data[5]                ; fifo:rx_fifo_inst|altsyncram:memory_rtl_0|altsyncram_5pd1:auto_generated|ram_block1a0~porta_datain_reg0  ; clk          ; clk         ; 0.000        ; 0.500      ; 1.490      ;
; 0.738 ; fifo:rx_fifo_inst|memory_rtl_0_bypass[16] ; hold_data[7]                                                                                             ; clk          ; clk         ; 0.000        ; 0.081      ; 1.031      ;
; 0.738 ; fifo:tx_fifo_inst|wr_ptr[1]               ; fifo:tx_fifo_inst|memory_rtl_0_bypass[3]                                                                 ; clk          ; clk         ; 0.000        ; 0.081      ; 1.031      ;
; 0.741 ; uart_rx:rx_inst|rx_data[0]                ; fifo:rx_fifo_inst|altsyncram:memory_rtl_0|altsyncram_5pd1:auto_generated|ram_block1a0~porta_datain_reg0  ; clk          ; clk         ; 0.000        ; 0.500      ; 1.495      ;
; 0.742 ; debug_counter[12]                         ; debug_counter[12]                                                                                        ; clk          ; clk         ; 0.000        ; 0.081      ; 1.035      ;
; 0.742 ; debug_counter[10]                         ; debug_counter[10]                                                                                        ; clk          ; clk         ; 0.000        ; 0.081      ; 1.035      ;
; 0.743 ; debug_counter[16]                         ; debug_counter[16]                                                                                        ; clk          ; clk         ; 0.000        ; 0.081      ; 1.036      ;
; 0.743 ; debug_counter[8]                          ; debug_counter[8]                                                                                         ; clk          ; clk         ; 0.000        ; 0.081      ; 1.036      ;
; 0.745 ; debug_counter[18]                         ; debug_counter[18]                                                                                        ; clk          ; clk         ; 0.000        ; 0.081      ; 1.038      ;
; 0.745 ; debug_counter[11]                         ; debug_counter[11]                                                                                        ; clk          ; clk         ; 0.000        ; 0.081      ; 1.038      ;
; 0.745 ; debug_counter[6]                          ; debug_counter[6]                                                                                         ; clk          ; clk         ; 0.000        ; 0.081      ; 1.038      ;
; 0.746 ; debug_counter[15]                         ; debug_counter[15]                                                                                        ; clk          ; clk         ; 0.000        ; 0.081      ; 1.039      ;
; 0.746 ; debug_counter[9]                          ; debug_counter[9]                                                                                         ; clk          ; clk         ; 0.000        ; 0.081      ; 1.039      ;
; 0.746 ; debug_counter[4]                          ; debug_counter[4]                                                                                         ; clk          ; clk         ; 0.000        ; 0.081      ; 1.039      ;
; 0.746 ; debug_counter[3]                          ; debug_counter[3]                                                                                         ; clk          ; clk         ; 0.000        ; 0.081      ; 1.039      ;
+-------+-------------------------------------------+----------------------------------------------------------------------------------------------------------+--------------+-------------+--------------+------------+------------+


-----------------------------------------------
; Slow 1200mV 85C Model Metastability Summary ;
-----------------------------------------------
No synchronizer chains to report.


+--------------------------------------------------+
; Slow 1200mV 0C Model Fmax Summary                ;
+------------+-----------------+------------+------+
; Fmax       ; Restricted Fmax ; Clock Name ; Note ;
+------------+-----------------+------------+------+
; 143.51 MHz ; 143.51 MHz      ; clk        ;      ;
+------------+-----------------+------------+------+
This panel reports FMAX for every clock in the design, regardless of the user-specified clock periods.  FMAX is only computed for paths where the source and destination registers or ports are driven by the same clock.  Paths of different clocks, including generated clocks, are ignored.  For paths between a clock and its inversion, FMAX is computed as if the rising and falling edges are scaled along with FMAX, such that the duty cycle (in terms of a percentage) is maintained. Altera recommends that you always use clock constraints and other slack reports for sign-off analysis.


+------------------------------------+
; Slow 1200mV 0C Model Setup Summary ;
+-------+--------+-------------------+
; Clock ; Slack  ; End Point TNS     ;
+-------+--------+-------------------+
; clk   ; -5.968 ; -430.483          ;
+-------+--------+-------------------+


+-----------------------------------+
; Slow 1200mV 0C Model Hold Summary ;
+-------+-------+-------------------+
; Clock ; Slack ; End Point TNS     ;
+-------+-------+-------------------+
; clk   ; 0.381 ; 0.000             ;
+-------+-------+-------------------+


-----------------------------------------
; Slow 1200mV 0C Model Recovery Summary ;
-----------------------------------------
No paths to report.


----------------------------------------
; Slow 1200mV 0C Model Removal Summary ;
----------------------------------------
No paths to report.


+--------------------------------------------------+
; Slow 1200mV 0C Model Minimum Pulse Width Summary ;
+-------+--------+---------------------------------+
; Clock ; Slack  ; End Point TNS                   ;
+-------+--------+---------------------------------+
; clk   ; -3.201 ; -293.294                        ;
+-------+--------+---------------------------------+


+------------------------------------------------------------------------------------------------------------------------------------------------------------------------------------------------------------------------------+
; Slow 1200mV 0C Model Setup: 'clk'                                                                                                                                                                                            ;
+--------+----------------------------------------------------------------------------------------------------------+------------------------------------+--------------+-------------+--------------+------------+------------+
; Slack  ; From Node                                                                                                ; To Node                            ; Launch Clock ; Latch Clock ; Relationship ; Clock Skew ; Data Delay ;
+--------+----------------------------------------------------------------------------------------------------------+------------------------------------+--------------+-------------+--------------+------------+------------+
; -5.968 ; fifo:rx_fifo_inst|altsyncram:memory_rtl_0|altsyncram_5pd1:auto_generated|ram_block1a0~portb_address_reg0 ; checksum_error                     ; clk          ; clk         ; 1.000        ; -0.425     ; 6.545      ;
; -5.029 ; fifo:rx_fifo_inst|altsyncram:memory_rtl_0|altsyncram_5pd1:auto_generated|ram_block1a0~portb_address_reg0 ; hold_cmd[1]                        ; clk          ; clk         ; 1.000        ; -0.439     ; 5.592      ;
; -4.994 ; fifo:rx_fifo_inst|altsyncram:memory_rtl_0|altsyncram_5pd1:auto_generated|ram_block1a0~portb_address_reg0 ; hold_data[1]                       ; clk          ; clk         ; 1.000        ; -0.032     ; 5.964      ;
; -4.893 ; fifo:rx_fifo_inst|altsyncram:memory_rtl_0|altsyncram_5pd1:auto_generated|ram_block1a0~portb_address_reg0 ; p_state[0]                         ; clk          ; clk         ; 1.000        ; 0.060      ; 5.955      ;
; -4.893 ; fifo:rx_fifo_inst|altsyncram:memory_rtl_0|altsyncram_5pd1:auto_generated|ram_block1a0~portb_address_reg0 ; hold_cmd[0]                        ; clk          ; clk         ; 1.000        ; -0.439     ; 5.456      ;
; -4.856 ; fifo:rx_fifo_inst|altsyncram:memory_rtl_0|altsyncram_5pd1:auto_generated|ram_block1a0~portb_address_reg0 ; hold_cmd[2]                        ; clk          ; clk         ; 1.000        ; -0.035     ; 5.823      ;
; -4.850 ; fifo:tx_fifo_inst|altsyncram:memory_rtl_0|altsyncram_5pd1:auto_generated|ram_block1a0~portb_address_reg0 ; uart_tx_fixed:tx_inst|shift_reg[7] ; clk          ; clk         ; 1.000        ; -0.424     ; 5.428      ;
; -4.849 ; fifo:rx_fifo_inst|altsyncram:memory_rtl_0|altsyncram_5pd1:auto_generated|ram_block1a0~portb_address_reg0 ; hold_cmd[5]                        ; clk          ; clk         ; 1.000        ; -0.035     ; 5.816      ;
; -4.771 ; fifo:rx_fifo_inst|altsyncram:memory_rtl_0|altsyncram_5pd1:auto_generated|ram_block1a0~portb_address_reg0 ; hold_cmd[3]                        ; clk          ; clk         ; 1.000        ; -0.035     ; 5.738      ;
; -4.771 ; fifo:rx_fifo_inst|altsyncram:memory_rtl_0|altsyncram_5pd1:auto_generated|ram_block1a0~portb_address_reg0 ; hold_cmd[6]                        ; clk          ; clk         ; 1.000        ; -0.035     ; 5.738      ;
; -4.728 ; fifo:rx_fifo_inst|altsyncram:memory_rtl_0|altsyncram_5pd1:auto_generated|ram_block1a0~portb_address_reg0 ; hold_cmd[4]                        ; clk          ; clk         ; 1.000        ; -0.035     ; 5.695      ;
; -4.531 ; fifo:rx_fifo_inst|altsyncram:memory_rtl_0|altsyncram_5pd1:auto_generated|ram_block1a0~portb_address_reg0 ; hold_cmd[7]                        ; clk          ; clk         ; 1.000        ; -0.035     ; 5.498      ;
; -4.484 ; fifo:rx_fifo_inst|altsyncram:memory_rtl_0|altsyncram_5pd1:auto_generated|ram_block1a0~portb_address_reg0 ; hold_data[0]                       ; clk          ; clk         ; 1.000        ; -0.032     ; 5.454      ;
; -4.335 ; hold_data[0]                                                                                             ; checksum_error                     ; clk          ; clk         ; 1.000        ; -0.482     ; 4.855      ;
; -4.330 ; fifo:rx_fifo_inst|altsyncram:memory_rtl_0|altsyncram_5pd1:auto_generated|ram_block1a0~portb_address_reg0 ; hold_data[2]                       ; clk          ; clk         ; 1.000        ; -0.425     ; 4.907      ;
; -4.279 ; fifo:tx_fifo_inst|memory_rtl_0_bypass[3]                                                                 ; uart_tx_fixed:tx_inst|shift_reg[4] ; clk          ; clk         ; 1.000        ; -0.074     ; 5.207      ;
; -4.276 ; fifo:tx_fifo_inst|memory_rtl_0_bypass[3]                                                                 ; uart_tx_fixed:tx_inst|shift_reg[6] ; clk          ; clk         ; 1.000        ; -0.074     ; 5.204      ;
; -4.088 ; fifo:rx_fifo_inst|memory_rtl_0_bypass[8]                                                                 ; checksum_error                     ; clk          ; clk         ; 1.000        ; -0.080     ; 5.010      ;
; -4.085 ; fifo:tx_fifo_inst|memory_rtl_0_bypass[2]                                                                 ; uart_tx_fixed:tx_inst|shift_reg[4] ; clk          ; clk         ; 1.000        ; -0.074     ; 5.013      ;
; -4.083 ; fifo:rx_fifo_inst|memory_rtl_0_bypass[7]                                                                 ; checksum_error                     ; clk          ; clk         ; 1.000        ; -0.080     ; 5.005      ;
; -4.082 ; fifo:tx_fifo_inst|memory_rtl_0_bypass[2]                                                                 ; uart_tx_fixed:tx_inst|shift_reg[6] ; clk          ; clk         ; 1.000        ; -0.074     ; 5.010      ;
; -4.081 ; fifo:rx_fifo_inst|memory_rtl_0_bypass[1]                                                                 ; checksum_error                     ; clk          ; clk         ; 1.000        ; -0.080     ; 5.003      ;
; -4.054 ; hold_data[1]                                                                                             ; checksum_error                     ; clk          ; clk         ; 1.000        ; -0.482     ; 4.574      ;
; -4.044 ; fifo:rx_fifo_inst|altsyncram:memory_rtl_0|altsyncram_5pd1:auto_generated|ram_block1a0~portb_address_reg0 ; hold_data[5]                       ; clk          ; clk         ; 1.000        ; -0.425     ; 4.621      ;
; -4.016 ; fifo:rx_fifo_inst|altsyncram:memory_rtl_0|altsyncram_5pd1:auto_generated|ram_block1a0~portb_address_reg0 ; hold_data[3]                       ; clk          ; clk         ; 1.000        ; -0.425     ; 4.593      ;
; -4.012 ; fifo:rx_fifo_inst|altsyncram:memory_rtl_0|altsyncram_5pd1:auto_generated|ram_block1a0~portb_address_reg0 ; hold_data[7]                       ; clk          ; clk         ; 1.000        ; -0.425     ; 4.589      ;
; -3.975 ; fifo:rx_fifo_inst|altsyncram:memory_rtl_0|altsyncram_5pd1:auto_generated|ram_block1a0~portb_address_reg0 ; hold_data[4]                       ; clk          ; clk         ; 1.000        ; -0.425     ; 4.552      ;
; -3.974 ; fifo:tx_fifo_inst|memory_rtl_0_bypass[8]                                                                 ; uart_tx_fixed:tx_inst|shift_reg[4] ; clk          ; clk         ; 1.000        ; -0.074     ; 4.902      ;
; -3.973 ; fifo:rx_fifo_inst|altsyncram:memory_rtl_0|altsyncram_5pd1:auto_generated|ram_block1a0~portb_address_reg0 ; hold_data[6]                       ; clk          ; clk         ; 1.000        ; -0.425     ; 4.550      ;
; -3.971 ; fifo:tx_fifo_inst|memory_rtl_0_bypass[3]                                                                 ; uart_tx_fixed:tx_inst|shift_reg[2] ; clk          ; clk         ; 1.000        ; -0.074     ; 4.899      ;
; -3.971 ; fifo:tx_fifo_inst|memory_rtl_0_bypass[8]                                                                 ; uart_tx_fixed:tx_inst|shift_reg[6] ; clk          ; clk         ; 1.000        ; -0.074     ; 4.899      ;
; -3.957 ; fifo:tx_fifo_inst|memory_rtl_0_bypass[3]                                                                 ; uart_tx_fixed:tx_inst|shift_reg[5] ; clk          ; clk         ; 1.000        ; -0.074     ; 4.885      ;
; -3.953 ; fifo:tx_fifo_inst|memory_rtl_0_bypass[3]                                                                 ; uart_tx_fixed:tx_inst|shift_reg[0] ; clk          ; clk         ; 1.000        ; -0.074     ; 4.881      ;
; -3.916 ; fifo:tx_fifo_inst|altsyncram:memory_rtl_0|altsyncram_5pd1:auto_generated|ram_block1a0~portb_address_reg0 ; uart_tx_fixed:tx_inst|shift_reg[0] ; clk          ; clk         ; 1.000        ; -0.422     ; 4.496      ;
; -3.899 ; fifo:tx_fifo_inst|altsyncram:memory_rtl_0|altsyncram_5pd1:auto_generated|ram_block1a0~portb_address_reg0 ; uart_tx_fixed:tx_inst|shift_reg[5] ; clk          ; clk         ; 1.000        ; -0.422     ; 4.479      ;
; -3.897 ; fifo:rx_fifo_inst|rd_ptr[1]                                                                              ; checksum_error                     ; clk          ; clk         ; 1.000        ; -0.082     ; 4.817      ;
; -3.856 ; fifo:rx_fifo_inst|wr_ptr[1]                                                                              ; checksum_error                     ; clk          ; clk         ; 1.000        ; -0.082     ; 4.776      ;
; -3.828 ; fifo:tx_fifo_inst|altsyncram:memory_rtl_0|altsyncram_5pd1:auto_generated|ram_block1a0~portb_address_reg0 ; uart_tx_fixed:tx_inst|shift_reg[1] ; clk          ; clk         ; 1.000        ; -0.422     ; 4.408      ;
; -3.821 ; hold_data[2]                                                                                             ; checksum_error                     ; clk          ; clk         ; 1.000        ; -0.073     ; 4.750      ;
; -3.797 ; fifo:tx_fifo_inst|memory_rtl_0_bypass[4]                                                                 ; uart_tx_fixed:tx_inst|shift_reg[4] ; clk          ; clk         ; 1.000        ; -0.074     ; 4.725      ;
; -3.794 ; fifo:tx_fifo_inst|memory_rtl_0_bypass[4]                                                                 ; uart_tx_fixed:tx_inst|shift_reg[6] ; clk          ; clk         ; 1.000        ; -0.074     ; 4.722      ;
; -3.785 ; fifo:rx_fifo_inst|memory_rtl_0_bypass[5]                                                                 ; checksum_error                     ; clk          ; clk         ; 1.000        ; -0.080     ; 4.707      ;
; -3.780 ; fifo:tx_fifo_inst|memory_rtl_0_bypass[3]                                                                 ; uart_tx_fixed:tx_inst|shift_reg[3] ; clk          ; clk         ; 1.000        ; -0.074     ; 4.708      ;
; -3.779 ; hold_cmd[3]                                                                                              ; checksum_error                     ; clk          ; clk         ; 1.000        ; -0.480     ; 4.301      ;
; -3.777 ; fifo:tx_fifo_inst|memory_rtl_0_bypass[2]                                                                 ; uart_tx_fixed:tx_inst|shift_reg[2] ; clk          ; clk         ; 1.000        ; -0.074     ; 4.705      ;
; -3.766 ; fifo:rx_fifo_inst|wr_ptr[0]                                                                              ; checksum_error                     ; clk          ; clk         ; 1.000        ; -0.082     ; 4.686      ;
; -3.763 ; fifo:tx_fifo_inst|memory_rtl_0_bypass[2]                                                                 ; uart_tx_fixed:tx_inst|shift_reg[5] ; clk          ; clk         ; 1.000        ; -0.074     ; 4.691      ;
; -3.759 ; fifo:tx_fifo_inst|memory_rtl_0_bypass[2]                                                                 ; uart_tx_fixed:tx_inst|shift_reg[0] ; clk          ; clk         ; 1.000        ; -0.074     ; 4.687      ;
; -3.758 ; fifo:tx_fifo_inst|altsyncram:memory_rtl_0|altsyncram_5pd1:auto_generated|ram_block1a0~portb_address_reg0 ; uart_tx_fixed:tx_inst|shift_reg[2] ; clk          ; clk         ; 1.000        ; -0.422     ; 4.338      ;
; -3.752 ; fifo:tx_fifo_inst|memory_rtl_0_bypass[7]                                                                 ; uart_tx_fixed:tx_inst|shift_reg[4] ; clk          ; clk         ; 1.000        ; -0.074     ; 4.680      ;
; -3.749 ; fifo:tx_fifo_inst|memory_rtl_0_bypass[7]                                                                 ; uart_tx_fixed:tx_inst|shift_reg[6] ; clk          ; clk         ; 1.000        ; -0.074     ; 4.677      ;
; -3.731 ; fifo:tx_fifo_inst|memory_rtl_0_bypass[1]                                                                 ; uart_tx_fixed:tx_inst|shift_reg[4] ; clk          ; clk         ; 1.000        ; -0.074     ; 4.659      ;
; -3.728 ; fifo:tx_fifo_inst|memory_rtl_0_bypass[1]                                                                 ; uart_tx_fixed:tx_inst|shift_reg[6] ; clk          ; clk         ; 1.000        ; -0.074     ; 4.656      ;
; -3.726 ; fifo:tx_fifo_inst|altsyncram:memory_rtl_0|altsyncram_5pd1:auto_generated|ram_block1a0~portb_address_reg0 ; uart_tx_fixed:tx_inst|shift_reg[3] ; clk          ; clk         ; 1.000        ; -0.422     ; 4.306      ;
; -3.721 ; fifo:rx_fifo_inst|memory_rtl_0_bypass[6]                                                                 ; checksum_error                     ; clk          ; clk         ; 1.000        ; -0.080     ; 4.643      ;
; -3.720 ; fifo:tx_fifo_inst|altsyncram:memory_rtl_0|altsyncram_5pd1:auto_generated|ram_block1a0~portb_address_reg0 ; uart_tx_fixed:tx_inst|shift_reg[4] ; clk          ; clk         ; 1.000        ; -0.422     ; 4.300      ;
; -3.696 ; hold_cmd[2]                                                                                              ; checksum_error                     ; clk          ; clk         ; 1.000        ; -0.480     ; 4.218      ;
; -3.689 ; fifo:tx_fifo_inst|altsyncram:memory_rtl_0|altsyncram_5pd1:auto_generated|ram_block1a0~portb_address_reg0 ; uart_tx_fixed:tx_inst|shift_reg[6] ; clk          ; clk         ; 1.000        ; -0.422     ; 4.269      ;
; -3.666 ; fifo:tx_fifo_inst|memory_rtl_0_bypass[8]                                                                 ; uart_tx_fixed:tx_inst|shift_reg[2] ; clk          ; clk         ; 1.000        ; -0.074     ; 4.594      ;
; -3.654 ; hold_cmd[1]                                                                                              ; checksum_error                     ; clk          ; clk         ; 1.000        ; -0.058     ; 4.598      ;
; -3.652 ; fifo:tx_fifo_inst|memory_rtl_0_bypass[8]                                                                 ; uart_tx_fixed:tx_inst|shift_reg[5] ; clk          ; clk         ; 1.000        ; -0.074     ; 4.580      ;
; -3.650 ; hold_cmd[5]                                                                                              ; checksum_error                     ; clk          ; clk         ; 1.000        ; -0.480     ; 4.172      ;
; -3.649 ; fifo:rx_fifo_inst|rd_ptr[0]                                                                              ; checksum_error                     ; clk          ; clk         ; 1.000        ; -0.082     ; 4.569      ;
; -3.648 ; fifo:tx_fifo_inst|memory_rtl_0_bypass[3]                                                                 ; uart_tx_fixed:tx_inst|shift_reg[1] ; clk          ; clk         ; 1.000        ; -0.074     ; 4.576      ;
; -3.648 ; fifo:tx_fifo_inst|memory_rtl_0_bypass[8]                                                                 ; uart_tx_fixed:tx_inst|shift_reg[0] ; clk          ; clk         ; 1.000        ; -0.074     ; 4.576      ;
; -3.642 ; fifo:tx_fifo_inst|memory_rtl_0_bypass[6]                                                                 ; uart_tx_fixed:tx_inst|shift_reg[4] ; clk          ; clk         ; 1.000        ; -0.074     ; 4.570      ;
; -3.639 ; fifo:tx_fifo_inst|memory_rtl_0_bypass[6]                                                                 ; uart_tx_fixed:tx_inst|shift_reg[6] ; clk          ; clk         ; 1.000        ; -0.074     ; 4.567      ;
; -3.639 ; fifo:rx_fifo_inst|wr_ptr[2]                                                                              ; checksum_error                     ; clk          ; clk         ; 1.000        ; -0.082     ; 4.559      ;
; -3.626 ; hold_data[3]                                                                                             ; checksum_error                     ; clk          ; clk         ; 1.000        ; -0.073     ; 4.555      ;
; -3.616 ; fifo:rx_fifo_inst|memory_rtl_0_bypass[2]                                                                 ; checksum_error                     ; clk          ; clk         ; 1.000        ; -0.080     ; 4.538      ;
; -3.609 ; hold_cmd[0]                                                                                              ; checksum_error                     ; clk          ; clk         ; 1.000        ; -0.058     ; 4.553      ;
; -3.601 ; fifo:rx_fifo_inst|rd_ptr[2]                                                                              ; checksum_error                     ; clk          ; clk         ; 1.000        ; -0.082     ; 4.521      ;
; -3.586 ; fifo:tx_fifo_inst|memory_rtl_0_bypass[2]                                                                 ; uart_tx_fixed:tx_inst|shift_reg[3] ; clk          ; clk         ; 1.000        ; -0.074     ; 4.514      ;
; -3.570 ; hold_cmd[4]                                                                                              ; checksum_error                     ; clk          ; clk         ; 1.000        ; -0.480     ; 4.092      ;
; -3.489 ; fifo:tx_fifo_inst|memory_rtl_0_bypass[4]                                                                 ; uart_tx_fixed:tx_inst|shift_reg[2] ; clk          ; clk         ; 1.000        ; -0.074     ; 4.417      ;
; -3.475 ; hold_data[5]                                                                                             ; checksum_error                     ; clk          ; clk         ; 1.000        ; -0.073     ; 4.404      ;
; -3.475 ; fifo:tx_fifo_inst|memory_rtl_0_bypass[4]                                                                 ; uart_tx_fixed:tx_inst|shift_reg[5] ; clk          ; clk         ; 1.000        ; -0.074     ; 4.403      ;
; -3.475 ; fifo:tx_fifo_inst|memory_rtl_0_bypass[8]                                                                 ; uart_tx_fixed:tx_inst|shift_reg[3] ; clk          ; clk         ; 1.000        ; -0.074     ; 4.403      ;
; -3.474 ; fifo:rx_fifo_inst|rd_ptr[1]                                                                              ; hold_cmd[0]                        ; clk          ; clk         ; 1.000        ; -0.096     ; 4.380      ;
; -3.474 ; fifo:rx_fifo_inst|rd_ptr[1]                                                                              ; hold_cmd[1]                        ; clk          ; clk         ; 1.000        ; -0.096     ; 4.380      ;
; -3.471 ; fifo:tx_fifo_inst|memory_rtl_0_bypass[4]                                                                 ; uart_tx_fixed:tx_inst|shift_reg[0] ; clk          ; clk         ; 1.000        ; -0.074     ; 4.399      ;
; -3.466 ; fifo:rx_fifo_inst|rd_ptr[3]                                                                              ; checksum_error                     ; clk          ; clk         ; 1.000        ; -0.080     ; 4.388      ;
; -3.454 ; fifo:tx_fifo_inst|memory_rtl_0_bypass[2]                                                                 ; uart_tx_fixed:tx_inst|shift_reg[1] ; clk          ; clk         ; 1.000        ; -0.074     ; 4.382      ;
; -3.445 ; fifo:rx_fifo_inst|wr_ptr[3]                                                                              ; checksum_error                     ; clk          ; clk         ; 1.000        ; -0.082     ; 4.365      ;
; -3.444 ; fifo:tx_fifo_inst|memory_rtl_0_bypass[7]                                                                 ; uart_tx_fixed:tx_inst|shift_reg[2] ; clk          ; clk         ; 1.000        ; -0.074     ; 4.372      ;
; -3.433 ; fifo:rx_fifo_inst|wr_ptr[1]                                                                              ; hold_cmd[0]                        ; clk          ; clk         ; 1.000        ; -0.096     ; 4.339      ;
; -3.433 ; fifo:rx_fifo_inst|wr_ptr[1]                                                                              ; hold_cmd[1]                        ; clk          ; clk         ; 1.000        ; -0.096     ; 4.339      ;
; -3.430 ; fifo:tx_fifo_inst|memory_rtl_0_bypass[7]                                                                 ; uart_tx_fixed:tx_inst|shift_reg[5] ; clk          ; clk         ; 1.000        ; -0.074     ; 4.358      ;
; -3.426 ; fifo:tx_fifo_inst|memory_rtl_0_bypass[7]                                                                 ; uart_tx_fixed:tx_inst|shift_reg[0] ; clk          ; clk         ; 1.000        ; -0.074     ; 4.354      ;
; -3.423 ; fifo:tx_fifo_inst|memory_rtl_0_bypass[1]                                                                 ; uart_tx_fixed:tx_inst|shift_reg[2] ; clk          ; clk         ; 1.000        ; -0.074     ; 4.351      ;
; -3.409 ; fifo:tx_fifo_inst|memory_rtl_0_bypass[1]                                                                 ; uart_tx_fixed:tx_inst|shift_reg[5] ; clk          ; clk         ; 1.000        ; -0.074     ; 4.337      ;
; -3.405 ; fifo:tx_fifo_inst|memory_rtl_0_bypass[1]                                                                 ; uart_tx_fixed:tx_inst|shift_reg[0] ; clk          ; clk         ; 1.000        ; -0.074     ; 4.333      ;
; -3.393 ; hold_data[4]                                                                                             ; checksum_error                     ; clk          ; clk         ; 1.000        ; -0.073     ; 4.322      ;
; -3.363 ; fifo:tx_fifo_inst|memory_rtl_0_bypass[5]                                                                 ; uart_tx_fixed:tx_inst|shift_reg[4] ; clk          ; clk         ; 1.000        ; -0.074     ; 4.291      ;
; -3.360 ; fifo:tx_fifo_inst|memory_rtl_0_bypass[5]                                                                 ; uart_tx_fixed:tx_inst|shift_reg[6] ; clk          ; clk         ; 1.000        ; -0.074     ; 4.288      ;
; -3.343 ; fifo:tx_fifo_inst|memory_rtl_0_bypass[8]                                                                 ; uart_tx_fixed:tx_inst|shift_reg[1] ; clk          ; clk         ; 1.000        ; -0.074     ; 4.271      ;
; -3.343 ; fifo:rx_fifo_inst|wr_ptr[0]                                                                              ; hold_cmd[0]                        ; clk          ; clk         ; 1.000        ; -0.096     ; 4.249      ;
; -3.343 ; fifo:rx_fifo_inst|wr_ptr[0]                                                                              ; hold_cmd[1]                        ; clk          ; clk         ; 1.000        ; -0.096     ; 4.249      ;
; -3.340 ; baud_gen_fixed:baud_gen_inst|count_reg[1]                                                                ; uart_rx:rx_inst|bit_cnt[1]         ; clk          ; clk         ; 1.000        ; -0.077     ; 4.265      ;
; -3.337 ; baud_gen_fixed:baud_gen_inst|count_reg[4]                                                                ; uart_rx:rx_inst|bit_cnt[1]         ; clk          ; clk         ; 1.000        ; -0.077     ; 4.262      ;
+--------+----------------------------------------------------------------------------------------------------------+------------------------------------+--------------+-------------+--------------+------------+------------+


+------------------------------------------------------------------------------------------------------------------------------------------------------------------------------------------------------------------------------------+
; Slow 1200mV 0C Model Hold: 'clk'                                                                                                                                                                                                   ;
+-------+-------------------------------------------+----------------------------------------------------------------------------------------------------------+--------------+-------------+--------------+------------+------------+
; Slack ; From Node                                 ; To Node                                                                                                  ; Launch Clock ; Latch Clock ; Relationship ; Clock Skew ; Data Delay ;
+-------+-------------------------------------------+----------------------------------------------------------------------------------------------------------+--------------+-------------+--------------+------------+------------+
; 0.381 ; debug_mode[0]                             ; debug_mode[0]                                                                                            ; clk          ; clk         ; 0.000        ; 0.093      ; 0.669      ;
; 0.381 ; p_state[0]                                ; p_state[0]                                                                                               ; clk          ; clk         ; 0.000        ; 0.093      ; 0.669      ;
; 0.396 ; wait_fifo                                 ; wait_fifo                                                                                                ; clk          ; clk         ; 0.000        ; 0.093      ; 0.684      ;
; 0.399 ; debug_counter[0]                          ; debug_counter[0]                                                                                         ; clk          ; clk         ; 0.000        ; 0.090      ; 0.684      ;
; 0.400 ; fifo:rx_fifo_inst|rd_ptr[3]               ; fifo:rx_fifo_inst|rd_ptr[3]                                                                              ; clk          ; clk         ; 0.000        ; 0.074      ; 0.669      ;
; 0.401 ; uart_rx:rx_inst|framing_err               ; uart_rx:rx_inst|framing_err                                                                              ; clk          ; clk         ; 0.000        ; 0.073      ; 0.669      ;
; 0.401 ; p_state[1]                                ; p_state[1]                                                                                               ; clk          ; clk         ; 0.000        ; 0.073      ; 0.669      ;
; 0.401 ; fifo:rx_fifo_inst|wr_ptr[0]               ; fifo:rx_fifo_inst|wr_ptr[0]                                                                              ; clk          ; clk         ; 0.000        ; 0.073      ; 0.669      ;
; 0.401 ; fifo:rx_fifo_inst|rd_ptr[1]               ; fifo:rx_fifo_inst|rd_ptr[1]                                                                              ; clk          ; clk         ; 0.000        ; 0.073      ; 0.669      ;
; 0.401 ; fifo:rx_fifo_inst|rd_ptr[2]               ; fifo:rx_fifo_inst|rd_ptr[2]                                                                              ; clk          ; clk         ; 0.000        ; 0.073      ; 0.669      ;
; 0.401 ; fifo:rx_fifo_inst|rd_ptr[4]               ; fifo:rx_fifo_inst|rd_ptr[4]                                                                              ; clk          ; clk         ; 0.000        ; 0.073      ; 0.669      ;
; 0.401 ; fifo:rx_fifo_inst|rd_ptr[0]               ; fifo:rx_fifo_inst|rd_ptr[0]                                                                              ; clk          ; clk         ; 0.000        ; 0.073      ; 0.669      ;
; 0.401 ; uart_tx_fixed:tx_inst|shift_reg[7]        ; uart_tx_fixed:tx_inst|shift_reg[7]                                                                       ; clk          ; clk         ; 0.000        ; 0.073      ; 0.669      ;
; 0.401 ; fifo:tx_fifo_inst|wr_ptr[0]               ; fifo:tx_fifo_inst|wr_ptr[0]                                                                              ; clk          ; clk         ; 0.000        ; 0.073      ; 0.669      ;
; 0.401 ; uart_tx_fixed:tx_inst|state.IDLE          ; uart_tx_fixed:tx_inst|state.IDLE                                                                         ; clk          ; clk         ; 0.000        ; 0.073      ; 0.669      ;
; 0.401 ; uart_tx_fixed:tx_inst|state.START         ; uart_tx_fixed:tx_inst|state.START                                                                        ; clk          ; clk         ; 0.000        ; 0.073      ; 0.669      ;
; 0.401 ; baud_gen_fixed:baud_gen_inst|count_reg[0] ; baud_gen_fixed:baud_gen_inst|count_reg[0]                                                                ; clk          ; clk         ; 0.000        ; 0.073      ; 0.669      ;
; 0.402 ; debug_mode[2]                             ; debug_mode[2]                                                                                            ; clk          ; clk         ; 0.000        ; 0.072      ; 0.669      ;
; 0.402 ; debug_mode[1]                             ; debug_mode[1]                                                                                            ; clk          ; clk         ; 0.000        ; 0.072      ; 0.669      ;
; 0.402 ; uart_rx:rx_inst|state.ST_STOP             ; uart_rx:rx_inst|state.ST_STOP                                                                            ; clk          ; clk         ; 0.000        ; 0.072      ; 0.669      ;
; 0.402 ; uart_rx:rx_inst|state.ST_DATA             ; uart_rx:rx_inst|state.ST_DATA                                                                            ; clk          ; clk         ; 0.000        ; 0.072      ; 0.669      ;
; 0.402 ; uart_rx:rx_inst|state.ST_START            ; uart_rx:rx_inst|state.ST_START                                                                           ; clk          ; clk         ; 0.000        ; 0.072      ; 0.669      ;
; 0.402 ; uart_rx:rx_inst|state.ST_IDLE             ; uart_rx:rx_inst|state.ST_IDLE                                                                            ; clk          ; clk         ; 0.000        ; 0.072      ; 0.669      ;
; 0.402 ; uart_rx:rx_inst|s_tick_cnt[3]             ; uart_rx:rx_inst|s_tick_cnt[3]                                                                            ; clk          ; clk         ; 0.000        ; 0.072      ; 0.669      ;
; 0.402 ; uart_rx:rx_inst|s_tick_cnt[2]             ; uart_rx:rx_inst|s_tick_cnt[2]                                                                            ; clk          ; clk         ; 0.000        ; 0.072      ; 0.669      ;
; 0.402 ; uart_rx:rx_inst|s_tick_cnt[1]             ; uart_rx:rx_inst|s_tick_cnt[1]                                                                            ; clk          ; clk         ; 0.000        ; 0.072      ; 0.669      ;
; 0.402 ; uart_rx:rx_inst|s_tick_cnt[0]             ; uart_rx:rx_inst|s_tick_cnt[0]                                                                            ; clk          ; clk         ; 0.000        ; 0.072      ; 0.669      ;
; 0.402 ; uart_rx:rx_inst|bit_cnt[2]                ; uart_rx:rx_inst|bit_cnt[2]                                                                               ; clk          ; clk         ; 0.000        ; 0.072      ; 0.669      ;
; 0.402 ; uart_rx:rx_inst|bit_cnt[0]                ; uart_rx:rx_inst|bit_cnt[0]                                                                               ; clk          ; clk         ; 0.000        ; 0.072      ; 0.669      ;
; 0.402 ; uart_rx:rx_inst|bit_cnt[1]                ; uart_rx:rx_inst|bit_cnt[1]                                                                               ; clk          ; clk         ; 0.000        ; 0.072      ; 0.669      ;
; 0.402 ; fifo:tx_fifo_inst|rd_ptr[2]               ; fifo:tx_fifo_inst|rd_ptr[2]                                                                              ; clk          ; clk         ; 0.000        ; 0.072      ; 0.669      ;
; 0.402 ; fifo:tx_fifo_inst|rd_ptr[3]               ; fifo:tx_fifo_inst|rd_ptr[3]                                                                              ; clk          ; clk         ; 0.000        ; 0.072      ; 0.669      ;
; 0.402 ; fifo:tx_fifo_inst|rd_ptr[1]               ; fifo:tx_fifo_inst|rd_ptr[1]                                                                              ; clk          ; clk         ; 0.000        ; 0.072      ; 0.669      ;
; 0.402 ; fifo:tx_fifo_inst|rd_ptr[4]               ; fifo:tx_fifo_inst|rd_ptr[4]                                                                              ; clk          ; clk         ; 0.000        ; 0.072      ; 0.669      ;
; 0.402 ; fifo:tx_fifo_inst|rd_ptr[0]               ; fifo:tx_fifo_inst|rd_ptr[0]                                                                              ; clk          ; clk         ; 0.000        ; 0.072      ; 0.669      ;
; 0.402 ; uart_tx_fixed:tx_inst|bit_cnt[1]          ; uart_tx_fixed:tx_inst|bit_cnt[1]                                                                         ; clk          ; clk         ; 0.000        ; 0.072      ; 0.669      ;
; 0.402 ; uart_tx_fixed:tx_inst|bit_cnt[2]          ; uart_tx_fixed:tx_inst|bit_cnt[2]                                                                         ; clk          ; clk         ; 0.000        ; 0.072      ; 0.669      ;
; 0.402 ; uart_tx_fixed:tx_inst|bit_cnt[0]          ; uart_tx_fixed:tx_inst|bit_cnt[0]                                                                         ; clk          ; clk         ; 0.000        ; 0.072      ; 0.669      ;
; 0.402 ; uart_tx_fixed:tx_inst|state.STOP          ; uart_tx_fixed:tx_inst|state.STOP                                                                         ; clk          ; clk         ; 0.000        ; 0.072      ; 0.669      ;
; 0.402 ; uart_tx_fixed:tx_inst|s_tick_cnt[2]       ; uart_tx_fixed:tx_inst|s_tick_cnt[2]                                                                      ; clk          ; clk         ; 0.000        ; 0.072      ; 0.669      ;
; 0.402 ; uart_tx_fixed:tx_inst|s_tick_cnt[1]       ; uart_tx_fixed:tx_inst|s_tick_cnt[1]                                                                      ; clk          ; clk         ; 0.000        ; 0.072      ; 0.669      ;
; 0.402 ; uart_tx_fixed:tx_inst|s_tick_cnt[0]       ; uart_tx_fixed:tx_inst|s_tick_cnt[0]                                                                      ; clk          ; clk         ; 0.000        ; 0.072      ; 0.669      ;
; 0.416 ; tx_start                                  ; tx_start                                                                                                 ; clk          ; clk         ; 0.000        ; 0.073      ; 0.684      ;
; 0.417 ; uart_rx:rx_inst|state.ST_DONE             ; uart_rx:rx_inst|state.ST_DONE                                                                            ; clk          ; clk         ; 0.000        ; 0.072      ; 0.684      ;
; 0.452 ; fifo:rx_fifo_inst|wr_ptr[1]               ; fifo:rx_fifo_inst|altsyncram:memory_rtl_0|altsyncram_5pd1:auto_generated|ram_block1a0~porta_address_reg0 ; clk          ; clk         ; 0.000        ; 0.416      ; 1.098      ;
; 0.461 ; fifo:rx_fifo_inst|wr_ptr[3]               ; fifo:rx_fifo_inst|altsyncram:memory_rtl_0|altsyncram_5pd1:auto_generated|ram_block1a0~porta_address_reg0 ; clk          ; clk         ; 0.000        ; 0.416      ; 1.107      ;
; 0.464 ; uart_rx:rx_inst|bit_cnt[0]                ; uart_rx:rx_inst|bit_cnt[1]                                                                               ; clk          ; clk         ; 0.000        ; 0.072      ; 0.731      ;
; 0.472 ; uart_rx:rx_inst|shift_reg[0]              ; uart_rx:rx_inst|rx_data[0]                                                                               ; clk          ; clk         ; 0.000        ; 0.072      ; 0.739      ;
; 0.473 ; uart_tx_fixed:tx_inst|s_tick_cnt[0]       ; uart_tx_fixed:tx_inst|s_tick_cnt[2]                                                                      ; clk          ; clk         ; 0.000        ; 0.072      ; 0.740      ;
; 0.474 ; fifo:rx_fifo_inst|rd_ptr[0]               ; fifo:rx_fifo_inst|rd_ptr[2]                                                                              ; clk          ; clk         ; 0.000        ; 0.073      ; 0.742      ;
; 0.476 ; uart_rx:rx_inst|shift_reg[5]              ; uart_rx:rx_inst|shift_reg[4]                                                                             ; clk          ; clk         ; 0.000        ; 0.072      ; 0.743      ;
; 0.477 ; uart_rx:rx_inst|shift_reg[2]              ; uart_rx:rx_inst|shift_reg[1]                                                                             ; clk          ; clk         ; 0.000        ; 0.072      ; 0.744      ;
; 0.477 ; uart_rx:rx_inst|shift_reg[4]              ; uart_rx:rx_inst|rx_data[4]                                                                               ; clk          ; clk         ; 0.000        ; 0.072      ; 0.744      ;
; 0.477 ; uart_rx:rx_inst|shift_reg[6]              ; uart_rx:rx_inst|shift_reg[5]                                                                             ; clk          ; clk         ; 0.000        ; 0.072      ; 0.744      ;
; 0.477 ; fifo:rx_fifo_inst|rd_ptr[0]               ; fifo:rx_fifo_inst|rd_ptr[1]                                                                              ; clk          ; clk         ; 0.000        ; 0.073      ; 0.745      ;
; 0.478 ; uart_rx:rx_inst|shift_reg[2]              ; uart_rx:rx_inst|rx_data[2]                                                                               ; clk          ; clk         ; 0.000        ; 0.072      ; 0.745      ;
; 0.478 ; uart_rx:rx_inst|shift_reg[3]              ; uart_rx:rx_inst|shift_reg[2]                                                                             ; clk          ; clk         ; 0.000        ; 0.072      ; 0.745      ;
; 0.478 ; uart_rx:rx_inst|shift_reg[3]              ; uart_rx:rx_inst|rx_data[3]                                                                               ; clk          ; clk         ; 0.000        ; 0.072      ; 0.745      ;
; 0.478 ; uart_rx:rx_inst|shift_reg[5]              ; uart_rx:rx_inst|rx_data[5]                                                                               ; clk          ; clk         ; 0.000        ; 0.072      ; 0.745      ;
; 0.479 ; uart_rx:rx_inst|shift_reg[4]              ; uart_rx:rx_inst|shift_reg[3]                                                                             ; clk          ; clk         ; 0.000        ; 0.072      ; 0.746      ;
; 0.479 ; uart_rx:rx_inst|shift_reg[6]              ; uart_rx:rx_inst|rx_data[6]                                                                               ; clk          ; clk         ; 0.000        ; 0.072      ; 0.746      ;
; 0.479 ; fifo:rx_fifo_inst|wr_ptr[2]               ; fifo:rx_fifo_inst|altsyncram:memory_rtl_0|altsyncram_5pd1:auto_generated|ram_block1a0~porta_address_reg0 ; clk          ; clk         ; 0.000        ; 0.416      ; 1.125      ;
; 0.483 ; fifo:tx_fifo_inst|rd_ptr[2]               ; fifo:tx_fifo_inst|memory_rtl_0_bypass[6]                                                                 ; clk          ; clk         ; 0.000        ; 0.072      ; 0.750      ;
; 0.485 ; uart_tx_fixed:tx_inst|state.IDLE          ; uart_tx_fixed:tx_inst|tx                                                                                 ; clk          ; clk         ; 0.000        ; 0.073      ; 0.753      ;
; 0.504 ; uart_rx:rx_inst|state.ST_DONE             ; uart_rx:rx_inst|state.ST_START                                                                           ; clk          ; clk         ; 0.000        ; 0.072      ; 0.771      ;
; 0.507 ; tx_start                                  ; uart_tx_fixed:tx_inst|state.IDLE                                                                         ; clk          ; clk         ; 0.000        ; 0.073      ; 0.775      ;
; 0.519 ; fifo:tx_fifo_inst|wr_ptr[3]               ; fifo:tx_fifo_inst|memory_rtl_0_bypass[7]                                                                 ; clk          ; clk         ; 0.000        ; 0.073      ; 0.787      ;
; 0.526 ; fifo:tx_fifo_inst|rd_ptr[0]               ; fifo:tx_fifo_inst|rd_ptr[1]                                                                              ; clk          ; clk         ; 0.000        ; 0.072      ; 0.793      ;
; 0.528 ; fifo:tx_fifo_inst|rd_ptr[0]               ; fifo:tx_fifo_inst|memory_rtl_0_bypass[4]                                                                 ; clk          ; clk         ; 0.000        ; 0.072      ; 0.795      ;
; 0.530 ; fifo:tx_fifo_inst|rd_ptr[0]               ; fifo:tx_fifo_inst|memory_rtl_0_bypass[2]                                                                 ; clk          ; clk         ; 0.000        ; 0.072      ; 0.797      ;
; 0.599 ; uart_tx_fixed:tx_inst|shift_reg[3]        ; uart_tx_fixed:tx_inst|shift_reg[2]                                                                       ; clk          ; clk         ; 0.000        ; 0.073      ; 0.867      ;
; 0.599 ; uart_tx_fixed:tx_inst|shift_reg[5]        ; uart_tx_fixed:tx_inst|shift_reg[4]                                                                       ; clk          ; clk         ; 0.000        ; 0.073      ; 0.867      ;
; 0.604 ; fifo:rx_fifo_inst|memory_rtl_0_bypass[14] ; hold_data[5]                                                                                             ; clk          ; clk         ; 0.000        ; 0.073      ; 0.872      ;
; 0.618 ; uart_tx_fixed:tx_inst|shift_reg[1]        ; uart_tx_fixed:tx_inst|shift_reg[0]                                                                       ; clk          ; clk         ; 0.000        ; 0.073      ; 0.886      ;
; 0.625 ; fifo:tx_fifo_inst|memory~6                ; uart_tx_fixed:tx_inst|shift_reg[5]                                                                       ; clk          ; clk         ; 0.000        ; 0.074      ; 0.894      ;
; 0.635 ; fifo:rx_fifo_inst|wr_ptr[1]               ; fifo:rx_fifo_inst|memory_rtl_0_bypass[3]                                                                 ; clk          ; clk         ; 0.000        ; 0.071      ; 0.901      ;
; 0.636 ; fifo:rx_fifo_inst|wr_ptr[3]               ; fifo:rx_fifo_inst|memory_rtl_0_bypass[7]                                                                 ; clk          ; clk         ; 0.000        ; 0.071      ; 0.902      ;
; 0.636 ; fifo:tx_fifo_inst|rd_ptr[1]               ; fifo:tx_fifo_inst|memory_rtl_0_bypass[6]                                                                 ; clk          ; clk         ; 0.000        ; 0.072      ; 0.903      ;
; 0.636 ; fifo:tx_fifo_inst|rd_ptr[1]               ; fifo:tx_fifo_inst|memory_rtl_0_bypass[4]                                                                 ; clk          ; clk         ; 0.000        ; 0.072      ; 0.903      ;
; 0.646 ; fifo:rx_fifo_inst|wr_ptr[0]               ; fifo:rx_fifo_inst|altsyncram:memory_rtl_0|altsyncram_5pd1:auto_generated|ram_block1a0~porta_address_reg0 ; clk          ; clk         ; 0.000        ; 0.416      ; 1.292      ;
; 0.653 ; uart_rx:rx_inst|shift_reg[1]              ; uart_rx:rx_inst|rx_data[1]                                                                               ; clk          ; clk         ; 0.000        ; 0.072      ; 0.920      ;
; 0.654 ; uart_rx:rx_inst|shift_reg[1]              ; uart_rx:rx_inst|shift_reg[0]                                                                             ; clk          ; clk         ; 0.000        ; 0.072      ; 0.921      ;
; 0.655 ; uart_rx:rx_inst|shift_reg[7]              ; uart_rx:rx_inst|shift_reg[6]                                                                             ; clk          ; clk         ; 0.000        ; 0.072      ; 0.922      ;
; 0.655 ; uart_rx:rx_inst|shift_reg[7]              ; uart_rx:rx_inst|rx_data[7]                                                                               ; clk          ; clk         ; 0.000        ; 0.072      ; 0.922      ;
; 0.674 ; uart_rx:rx_inst|state.ST_IDLE             ; uart_rx:rx_inst|s_tick_cnt[0]                                                                            ; clk          ; clk         ; 0.000        ; 0.071      ; 0.940      ;
; 0.678 ; fifo:rx_fifo_inst|wr_ptr[2]               ; fifo:rx_fifo_inst|memory_rtl_0_bypass[5]                                                                 ; clk          ; clk         ; 0.000        ; 0.071      ; 0.944      ;
; 0.680 ; fifo:tx_fifo_inst|wr_ptr[1]               ; fifo:tx_fifo_inst|memory_rtl_0_bypass[3]                                                                 ; clk          ; clk         ; 0.000        ; 0.073      ; 0.948      ;
; 0.686 ; uart_rx:rx_inst|rx_data[2]                ; fifo:rx_fifo_inst|altsyncram:memory_rtl_0|altsyncram_5pd1:auto_generated|ram_block1a0~porta_datain_reg0  ; clk          ; clk         ; 0.000        ; 0.442      ; 1.358      ;
; 0.687 ; uart_rx:rx_inst|rx_data[5]                ; fifo:rx_fifo_inst|altsyncram:memory_rtl_0|altsyncram_5pd1:auto_generated|ram_block1a0~porta_datain_reg0  ; clk          ; clk         ; 0.000        ; 0.442      ; 1.359      ;
; 0.688 ; fifo:rx_fifo_inst|memory_rtl_0_bypass[16] ; hold_data[7]                                                                                             ; clk          ; clk         ; 0.000        ; 0.073      ; 0.956      ;
; 0.690 ; uart_rx:rx_inst|rx_data[0]                ; fifo:rx_fifo_inst|altsyncram:memory_rtl_0|altsyncram_5pd1:auto_generated|ram_block1a0~porta_datain_reg0  ; clk          ; clk         ; 0.000        ; 0.442      ; 1.362      ;
; 0.690 ; uart_tx_fixed:tx_inst|state.DATA          ; uart_tx_fixed:tx_inst|bit_cnt[1]                                                                         ; clk          ; clk         ; 0.000        ; 0.072      ; 0.957      ;
; 0.691 ; debug_counter[12]                         ; debug_counter[12]                                                                                        ; clk          ; clk         ; 0.000        ; 0.072      ; 0.958      ;
; 0.691 ; debug_counter[10]                         ; debug_counter[10]                                                                                        ; clk          ; clk         ; 0.000        ; 0.072      ; 0.958      ;
; 0.691 ; debug_counter[8]                          ; debug_counter[8]                                                                                         ; clk          ; clk         ; 0.000        ; 0.072      ; 0.958      ;
; 0.691 ; uart_tx_fixed:tx_inst|state.DATA          ; uart_tx_fixed:tx_inst|bit_cnt[2]                                                                         ; clk          ; clk         ; 0.000        ; 0.072      ; 0.958      ;
; 0.693 ; debug_counter[18]                         ; debug_counter[18]                                                                                        ; clk          ; clk         ; 0.000        ; 0.071      ; 0.959      ;
; 0.693 ; debug_counter[16]                         ; debug_counter[16]                                                                                        ; clk          ; clk         ; 0.000        ; 0.071      ; 0.959      ;
; 0.695 ; debug_counter[19]                         ; debug_counter[19]                                                                                        ; clk          ; clk         ; 0.000        ; 0.071      ; 0.961      ;
; 0.695 ; debug_counter[6]                          ; debug_counter[6]                                                                                         ; clk          ; clk         ; 0.000        ; 0.072      ; 0.962      ;
+-------+-------------------------------------------+----------------------------------------------------------------------------------------------------------+--------------+-------------+--------------+------------+------------+


----------------------------------------------
; Slow 1200mV 0C Model Metastability Summary ;
----------------------------------------------
No synchronizer chains to report.


+------------------------------------+
; Fast 1200mV 0C Model Setup Summary ;
+-------+--------+-------------------+
; Clock ; Slack  ; End Point TNS     ;
+-------+--------+-------------------+
; clk   ; -2.031 ; -111.171          ;
+-------+--------+-------------------+


+-----------------------------------+
; Fast 1200mV 0C Model Hold Summary ;
+-------+-------+-------------------+
; Clock ; Slack ; End Point TNS     ;
+-------+-------+-------------------+
; clk   ; 0.171 ; 0.000             ;
+-------+-------+-------------------+


-----------------------------------------
; Fast 1200mV 0C Model Recovery Summary ;
-----------------------------------------
No paths to report.


----------------------------------------
; Fast 1200mV 0C Model Removal Summary ;
----------------------------------------
No paths to report.


+--------------------------------------------------+
; Fast 1200mV 0C Model Minimum Pulse Width Summary ;
+-------+--------+---------------------------------+
; Clock ; Slack  ; End Point TNS                   ;
+-------+--------+---------------------------------+
; clk   ; -3.000 ; -201.709                        ;
+-------+--------+---------------------------------+


+------------------------------------------------------------------------------------------------------------------------------------------------------------------------------------------------------------------------------+
; Fast 1200mV 0C Model Setup: 'clk'                                                                                                                                                                                            ;
+--------+----------------------------------------------------------------------------------------------------------+------------------------------------+--------------+-------------+--------------+------------+------------+
; Slack  ; From Node                                                                                                ; To Node                            ; Launch Clock ; Latch Clock ; Relationship ; Clock Skew ; Data Delay ;
+--------+----------------------------------------------------------------------------------------------------------+------------------------------------+--------------+-------------+--------------+------------+------------+
; -2.031 ; fifo:rx_fifo_inst|altsyncram:memory_rtl_0|altsyncram_5pd1:auto_generated|ram_block1a0~portb_address_reg0 ; checksum_error                     ; clk          ; clk         ; 1.000        ; -0.229     ; 2.789      ;
; -1.615 ; fifo:rx_fifo_inst|altsyncram:memory_rtl_0|altsyncram_5pd1:auto_generated|ram_block1a0~portb_address_reg0 ; hold_cmd[1]                        ; clk          ; clk         ; 1.000        ; -0.237     ; 2.365      ;
; -1.580 ; fifo:rx_fifo_inst|altsyncram:memory_rtl_0|altsyncram_5pd1:auto_generated|ram_block1a0~portb_address_reg0 ; p_state[0]                         ; clk          ; clk         ; 1.000        ; -0.024     ; 2.543      ;
; -1.579 ; fifo:rx_fifo_inst|altsyncram:memory_rtl_0|altsyncram_5pd1:auto_generated|ram_block1a0~portb_address_reg0 ; hold_data[1]                       ; clk          ; clk         ; 1.000        ; -0.062     ; 2.504      ;
; -1.555 ; fifo:rx_fifo_inst|altsyncram:memory_rtl_0|altsyncram_5pd1:auto_generated|ram_block1a0~portb_address_reg0 ; hold_cmd[0]                        ; clk          ; clk         ; 1.000        ; -0.237     ; 2.305      ;
; -1.533 ; fifo:tx_fifo_inst|altsyncram:memory_rtl_0|altsyncram_5pd1:auto_generated|ram_block1a0~portb_address_reg0 ; uart_tx_fixed:tx_inst|shift_reg[7] ; clk          ; clk         ; 1.000        ; -0.226     ; 2.294      ;
; -1.520 ; fifo:rx_fifo_inst|altsyncram:memory_rtl_0|altsyncram_5pd1:auto_generated|ram_block1a0~portb_address_reg0 ; hold_cmd[2]                        ; clk          ; clk         ; 1.000        ; -0.062     ; 2.445      ;
; -1.493 ; hold_data[0]                                                                                             ; checksum_error                     ; clk          ; clk         ; 1.000        ; -0.210     ; 2.270      ;
; -1.481 ; fifo:rx_fifo_inst|altsyncram:memory_rtl_0|altsyncram_5pd1:auto_generated|ram_block1a0~portb_address_reg0 ; hold_cmd[5]                        ; clk          ; clk         ; 1.000        ; -0.062     ; 2.406      ;
; -1.463 ; fifo:tx_fifo_inst|memory_rtl_0_bypass[3]                                                                 ; uart_tx_fixed:tx_inst|shift_reg[4] ; clk          ; clk         ; 1.000        ; -0.037     ; 2.413      ;
; -1.462 ; fifo:tx_fifo_inst|memory_rtl_0_bypass[3]                                                                 ; uart_tx_fixed:tx_inst|shift_reg[6] ; clk          ; clk         ; 1.000        ; -0.037     ; 2.412      ;
; -1.460 ; fifo:rx_fifo_inst|altsyncram:memory_rtl_0|altsyncram_5pd1:auto_generated|ram_block1a0~portb_address_reg0 ; hold_cmd[6]                        ; clk          ; clk         ; 1.000        ; -0.062     ; 2.385      ;
; -1.457 ; fifo:rx_fifo_inst|altsyncram:memory_rtl_0|altsyncram_5pd1:auto_generated|ram_block1a0~portb_address_reg0 ; hold_cmd[3]                        ; clk          ; clk         ; 1.000        ; -0.062     ; 2.382      ;
; -1.439 ; fifo:rx_fifo_inst|altsyncram:memory_rtl_0|altsyncram_5pd1:auto_generated|ram_block1a0~portb_address_reg0 ; hold_cmd[4]                        ; clk          ; clk         ; 1.000        ; -0.062     ; 2.364      ;
; -1.427 ; fifo:rx_fifo_inst|memory_rtl_0_bypass[8]                                                                 ; checksum_error                     ; clk          ; clk         ; 1.000        ; -0.044     ; 2.370      ;
; -1.426 ; fifo:rx_fifo_inst|memory_rtl_0_bypass[7]                                                                 ; checksum_error                     ; clk          ; clk         ; 1.000        ; -0.044     ; 2.369      ;
; -1.412 ; fifo:rx_fifo_inst|memory_rtl_0_bypass[1]                                                                 ; checksum_error                     ; clk          ; clk         ; 1.000        ; -0.044     ; 2.355      ;
; -1.392 ; fifo:tx_fifo_inst|memory_rtl_0_bypass[2]                                                                 ; uart_tx_fixed:tx_inst|shift_reg[4] ; clk          ; clk         ; 1.000        ; -0.037     ; 2.342      ;
; -1.391 ; fifo:tx_fifo_inst|memory_rtl_0_bypass[2]                                                                 ; uart_tx_fixed:tx_inst|shift_reg[6] ; clk          ; clk         ; 1.000        ; -0.037     ; 2.341      ;
; -1.390 ; hold_data[1]                                                                                             ; checksum_error                     ; clk          ; clk         ; 1.000        ; -0.210     ; 2.167      ;
; -1.378 ; fifo:rx_fifo_inst|altsyncram:memory_rtl_0|altsyncram_5pd1:auto_generated|ram_block1a0~portb_address_reg0 ; hold_data[0]                       ; clk          ; clk         ; 1.000        ; -0.062     ; 2.303      ;
; -1.364 ; fifo:rx_fifo_inst|altsyncram:memory_rtl_0|altsyncram_5pd1:auto_generated|ram_block1a0~portb_address_reg0 ; hold_cmd[7]                        ; clk          ; clk         ; 1.000        ; -0.062     ; 2.289      ;
; -1.318 ; fifo:tx_fifo_inst|memory_rtl_0_bypass[8]                                                                 ; uart_tx_fixed:tx_inst|shift_reg[4] ; clk          ; clk         ; 1.000        ; -0.037     ; 2.268      ;
; -1.317 ; fifo:tx_fifo_inst|memory_rtl_0_bypass[8]                                                                 ; uart_tx_fixed:tx_inst|shift_reg[6] ; clk          ; clk         ; 1.000        ; -0.037     ; 2.267      ;
; -1.316 ; fifo:rx_fifo_inst|rd_ptr[1]                                                                              ; checksum_error                     ; clk          ; clk         ; 1.000        ; -0.045     ; 2.258      ;
; -1.315 ; fifo:tx_fifo_inst|memory_rtl_0_bypass[3]                                                                 ; uart_tx_fixed:tx_inst|shift_reg[0] ; clk          ; clk         ; 1.000        ; -0.037     ; 2.265      ;
; -1.306 ; fifo:tx_fifo_inst|memory_rtl_0_bypass[3]                                                                 ; uart_tx_fixed:tx_inst|shift_reg[5] ; clk          ; clk         ; 1.000        ; -0.037     ; 2.256      ;
; -1.301 ; fifo:tx_fifo_inst|memory_rtl_0_bypass[3]                                                                 ; uart_tx_fixed:tx_inst|shift_reg[2] ; clk          ; clk         ; 1.000        ; -0.037     ; 2.251      ;
; -1.293 ; fifo:rx_fifo_inst|wr_ptr[1]                                                                              ; checksum_error                     ; clk          ; clk         ; 1.000        ; -0.045     ; 2.235      ;
; -1.279 ; hold_data[2]                                                                                             ; checksum_error                     ; clk          ; clk         ; 1.000        ; -0.037     ; 2.229      ;
; -1.271 ; fifo:rx_fifo_inst|altsyncram:memory_rtl_0|altsyncram_5pd1:auto_generated|ram_block1a0~portb_address_reg0 ; hold_data[2]                       ; clk          ; clk         ; 1.000        ; -0.229     ; 2.029      ;
; -1.257 ; fifo:rx_fifo_inst|memory_rtl_0_bypass[5]                                                                 ; checksum_error                     ; clk          ; clk         ; 1.000        ; -0.044     ; 2.200      ;
; -1.245 ; fifo:rx_fifo_inst|memory_rtl_0_bypass[6]                                                                 ; checksum_error                     ; clk          ; clk         ; 1.000        ; -0.044     ; 2.188      ;
; -1.244 ; fifo:tx_fifo_inst|memory_rtl_0_bypass[2]                                                                 ; uart_tx_fixed:tx_inst|shift_reg[0] ; clk          ; clk         ; 1.000        ; -0.037     ; 2.194      ;
; -1.239 ; hold_cmd[3]                                                                                              ; checksum_error                     ; clk          ; clk         ; 1.000        ; -0.210     ; 2.016      ;
; -1.235 ; fifo:tx_fifo_inst|memory_rtl_0_bypass[2]                                                                 ; uart_tx_fixed:tx_inst|shift_reg[5] ; clk          ; clk         ; 1.000        ; -0.037     ; 2.185      ;
; -1.233 ; fifo:tx_fifo_inst|memory_rtl_0_bypass[4]                                                                 ; uart_tx_fixed:tx_inst|shift_reg[4] ; clk          ; clk         ; 1.000        ; -0.037     ; 2.183      ;
; -1.232 ; fifo:tx_fifo_inst|memory_rtl_0_bypass[4]                                                                 ; uart_tx_fixed:tx_inst|shift_reg[6] ; clk          ; clk         ; 1.000        ; -0.037     ; 2.182      ;
; -1.230 ; fifo:tx_fifo_inst|memory_rtl_0_bypass[2]                                                                 ; uart_tx_fixed:tx_inst|shift_reg[2] ; clk          ; clk         ; 1.000        ; -0.037     ; 2.180      ;
; -1.225 ; fifo:rx_fifo_inst|wr_ptr[0]                                                                              ; checksum_error                     ; clk          ; clk         ; 1.000        ; -0.045     ; 2.167      ;
; -1.224 ; fifo:tx_fifo_inst|memory_rtl_0_bypass[7]                                                                 ; uart_tx_fixed:tx_inst|shift_reg[4] ; clk          ; clk         ; 1.000        ; -0.037     ; 2.174      ;
; -1.223 ; fifo:tx_fifo_inst|memory_rtl_0_bypass[3]                                                                 ; uart_tx_fixed:tx_inst|shift_reg[3] ; clk          ; clk         ; 1.000        ; -0.037     ; 2.173      ;
; -1.223 ; fifo:tx_fifo_inst|memory_rtl_0_bypass[7]                                                                 ; uart_tx_fixed:tx_inst|shift_reg[6] ; clk          ; clk         ; 1.000        ; -0.037     ; 2.173      ;
; -1.221 ; hold_cmd[1]                                                                                              ; checksum_error                     ; clk          ; clk         ; 1.000        ; -0.028     ; 2.180      ;
; -1.221 ; fifo:tx_fifo_inst|memory_rtl_0_bypass[1]                                                                 ; uart_tx_fixed:tx_inst|shift_reg[4] ; clk          ; clk         ; 1.000        ; -0.037     ; 2.171      ;
; -1.220 ; fifo:tx_fifo_inst|memory_rtl_0_bypass[1]                                                                 ; uart_tx_fixed:tx_inst|shift_reg[6] ; clk          ; clk         ; 1.000        ; -0.037     ; 2.170      ;
; -1.217 ; fifo:rx_fifo_inst|wr_ptr[2]                                                                              ; checksum_error                     ; clk          ; clk         ; 1.000        ; -0.045     ; 2.159      ;
; -1.216 ; hold_data[3]                                                                                             ; checksum_error                     ; clk          ; clk         ; 1.000        ; -0.037     ; 2.166      ;
; -1.209 ; fifo:rx_fifo_inst|memory_rtl_0_bypass[2]                                                                 ; checksum_error                     ; clk          ; clk         ; 1.000        ; -0.044     ; 2.152      ;
; -1.193 ; fifo:rx_fifo_inst|rd_ptr[2]                                                                              ; checksum_error                     ; clk          ; clk         ; 1.000        ; -0.045     ; 2.135      ;
; -1.190 ; hold_cmd[2]                                                                                              ; checksum_error                     ; clk          ; clk         ; 1.000        ; -0.210     ; 1.967      ;
; -1.179 ; hold_cmd[0]                                                                                              ; checksum_error                     ; clk          ; clk         ; 1.000        ; -0.028     ; 2.138      ;
; -1.170 ; fifo:tx_fifo_inst|memory_rtl_0_bypass[8]                                                                 ; uart_tx_fixed:tx_inst|shift_reg[0] ; clk          ; clk         ; 1.000        ; -0.037     ; 2.120      ;
; -1.168 ; fifo:rx_fifo_inst|rd_ptr[0]                                                                              ; checksum_error                     ; clk          ; clk         ; 1.000        ; -0.045     ; 2.110      ;
; -1.167 ; hold_cmd[5]                                                                                              ; checksum_error                     ; clk          ; clk         ; 1.000        ; -0.210     ; 1.944      ;
; -1.166 ; fifo:tx_fifo_inst|memory_rtl_0_bypass[6]                                                                 ; uart_tx_fixed:tx_inst|shift_reg[4] ; clk          ; clk         ; 1.000        ; -0.037     ; 2.116      ;
; -1.165 ; fifo:tx_fifo_inst|memory_rtl_0_bypass[6]                                                                 ; uart_tx_fixed:tx_inst|shift_reg[6] ; clk          ; clk         ; 1.000        ; -0.037     ; 2.115      ;
; -1.161 ; fifo:tx_fifo_inst|memory_rtl_0_bypass[8]                                                                 ; uart_tx_fixed:tx_inst|shift_reg[5] ; clk          ; clk         ; 1.000        ; -0.037     ; 2.111      ;
; -1.156 ; fifo:tx_fifo_inst|memory_rtl_0_bypass[8]                                                                 ; uart_tx_fixed:tx_inst|shift_reg[2] ; clk          ; clk         ; 1.000        ; -0.037     ; 2.106      ;
; -1.153 ; fifo:tx_fifo_inst|memory_rtl_0_bypass[3]                                                                 ; uart_tx_fixed:tx_inst|shift_reg[1] ; clk          ; clk         ; 1.000        ; -0.037     ; 2.103      ;
; -1.152 ; fifo:rx_fifo_inst|rd_ptr[1]                                                                              ; hold_cmd[0]                        ; clk          ; clk         ; 1.000        ; -0.053     ; 2.086      ;
; -1.152 ; fifo:rx_fifo_inst|rd_ptr[1]                                                                              ; hold_cmd[1]                        ; clk          ; clk         ; 1.000        ; -0.053     ; 2.086      ;
; -1.152 ; fifo:tx_fifo_inst|memory_rtl_0_bypass[2]                                                                 ; uart_tx_fixed:tx_inst|shift_reg[3] ; clk          ; clk         ; 1.000        ; -0.037     ; 2.102      ;
; -1.138 ; fifo:tx_fifo_inst|altsyncram:memory_rtl_0|altsyncram_5pd1:auto_generated|ram_block1a0~portb_address_reg0 ; uart_tx_fixed:tx_inst|shift_reg[0] ; clk          ; clk         ; 1.000        ; -0.224     ; 1.901      ;
; -1.137 ; hold_data[5]                                                                                             ; checksum_error                     ; clk          ; clk         ; 1.000        ; -0.037     ; 2.087      ;
; -1.130 ; fifo:rx_fifo_inst|altsyncram:memory_rtl_0|altsyncram_5pd1:auto_generated|ram_block1a0~portb_address_reg0 ; hold_data[5]                       ; clk          ; clk         ; 1.000        ; -0.229     ; 1.888      ;
; -1.129 ; fifo:rx_fifo_inst|wr_ptr[1]                                                                              ; hold_cmd[0]                        ; clk          ; clk         ; 1.000        ; -0.053     ; 2.063      ;
; -1.129 ; fifo:rx_fifo_inst|wr_ptr[1]                                                                              ; hold_cmd[1]                        ; clk          ; clk         ; 1.000        ; -0.053     ; 2.063      ;
; -1.122 ; hold_cmd[4]                                                                                              ; checksum_error                     ; clk          ; clk         ; 1.000        ; -0.210     ; 1.899      ;
; -1.119 ; fifo:rx_fifo_inst|altsyncram:memory_rtl_0|altsyncram_5pd1:auto_generated|ram_block1a0~portb_address_reg0 ; hold_data[7]                       ; clk          ; clk         ; 1.000        ; -0.229     ; 1.877      ;
; -1.115 ; fifo:rx_fifo_inst|altsyncram:memory_rtl_0|altsyncram_5pd1:auto_generated|ram_block1a0~portb_address_reg0 ; hold_data[3]                       ; clk          ; clk         ; 1.000        ; -0.229     ; 1.873      ;
; -1.112 ; fifo:rx_fifo_inst|wr_ptr[3]                                                                              ; checksum_error                     ; clk          ; clk         ; 1.000        ; -0.045     ; 2.054      ;
; -1.106 ; fifo:tx_fifo_inst|altsyncram:memory_rtl_0|altsyncram_5pd1:auto_generated|ram_block1a0~portb_address_reg0 ; uart_tx_fixed:tx_inst|shift_reg[5] ; clk          ; clk         ; 1.000        ; -0.224     ; 1.869      ;
; -1.105 ; fifo:rx_fifo_inst|altsyncram:memory_rtl_0|altsyncram_5pd1:auto_generated|ram_block1a0~portb_address_reg0 ; hold_data[4]                       ; clk          ; clk         ; 1.000        ; -0.229     ; 1.863      ;
; -1.103 ; fifo:rx_fifo_inst|altsyncram:memory_rtl_0|altsyncram_5pd1:auto_generated|ram_block1a0~portb_address_reg0 ; hold_data[6]                       ; clk          ; clk         ; 1.000        ; -0.229     ; 1.861      ;
; -1.103 ; fifo:rx_fifo_inst|rd_ptr[3]                                                                              ; checksum_error                     ; clk          ; clk         ; 1.000        ; -0.044     ; 2.046      ;
; -1.093 ; hold_data[4]                                                                                             ; checksum_error                     ; clk          ; clk         ; 1.000        ; -0.037     ; 2.043      ;
; -1.085 ; fifo:tx_fifo_inst|memory_rtl_0_bypass[4]                                                                 ; uart_tx_fixed:tx_inst|shift_reg[0] ; clk          ; clk         ; 1.000        ; -0.037     ; 2.035      ;
; -1.082 ; fifo:tx_fifo_inst|memory_rtl_0_bypass[2]                                                                 ; uart_tx_fixed:tx_inst|shift_reg[1] ; clk          ; clk         ; 1.000        ; -0.037     ; 2.032      ;
; -1.080 ; fifo:tx_fifo_inst|altsyncram:memory_rtl_0|altsyncram_5pd1:auto_generated|ram_block1a0~portb_address_reg0 ; uart_tx_fixed:tx_inst|shift_reg[1] ; clk          ; clk         ; 1.000        ; -0.224     ; 1.843      ;
; -1.078 ; fifo:tx_fifo_inst|memory_rtl_0_bypass[8]                                                                 ; uart_tx_fixed:tx_inst|shift_reg[3] ; clk          ; clk         ; 1.000        ; -0.037     ; 2.028      ;
; -1.076 ; fifo:tx_fifo_inst|memory_rtl_0_bypass[4]                                                                 ; uart_tx_fixed:tx_inst|shift_reg[5] ; clk          ; clk         ; 1.000        ; -0.037     ; 2.026      ;
; -1.076 ; fifo:tx_fifo_inst|memory_rtl_0_bypass[7]                                                                 ; uart_tx_fixed:tx_inst|shift_reg[0] ; clk          ; clk         ; 1.000        ; -0.037     ; 2.026      ;
; -1.073 ; fifo:tx_fifo_inst|memory_rtl_0_bypass[1]                                                                 ; uart_tx_fixed:tx_inst|shift_reg[0] ; clk          ; clk         ; 1.000        ; -0.037     ; 2.023      ;
; -1.071 ; fifo:tx_fifo_inst|memory_rtl_0_bypass[4]                                                                 ; uart_tx_fixed:tx_inst|shift_reg[2] ; clk          ; clk         ; 1.000        ; -0.037     ; 2.021      ;
; -1.067 ; fifo:tx_fifo_inst|memory_rtl_0_bypass[7]                                                                 ; uart_tx_fixed:tx_inst|shift_reg[5] ; clk          ; clk         ; 1.000        ; -0.037     ; 2.017      ;
; -1.064 ; fifo:tx_fifo_inst|memory_rtl_0_bypass[1]                                                                 ; uart_tx_fixed:tx_inst|shift_reg[5] ; clk          ; clk         ; 1.000        ; -0.037     ; 2.014      ;
; -1.062 ; fifo:tx_fifo_inst|memory_rtl_0_bypass[7]                                                                 ; uart_tx_fixed:tx_inst|shift_reg[2] ; clk          ; clk         ; 1.000        ; -0.037     ; 2.012      ;
; -1.061 ; fifo:rx_fifo_inst|wr_ptr[0]                                                                              ; hold_cmd[0]                        ; clk          ; clk         ; 1.000        ; -0.053     ; 1.995      ;
; -1.061 ; fifo:rx_fifo_inst|wr_ptr[0]                                                                              ; hold_cmd[1]                        ; clk          ; clk         ; 1.000        ; -0.053     ; 1.995      ;
; -1.059 ; fifo:tx_fifo_inst|memory_rtl_0_bypass[1]                                                                 ; uart_tx_fixed:tx_inst|shift_reg[2] ; clk          ; clk         ; 1.000        ; -0.037     ; 2.009      ;
; -1.055 ; fifo:tx_fifo_inst|memory_rtl_0_bypass[5]                                                                 ; uart_tx_fixed:tx_inst|shift_reg[4] ; clk          ; clk         ; 1.000        ; -0.037     ; 2.005      ;
; -1.054 ; fifo:tx_fifo_inst|memory_rtl_0_bypass[5]                                                                 ; uart_tx_fixed:tx_inst|shift_reg[6] ; clk          ; clk         ; 1.000        ; -0.037     ; 2.004      ;
; -1.053 ; fifo:rx_fifo_inst|wr_ptr[2]                                                                              ; hold_cmd[0]                        ; clk          ; clk         ; 1.000        ; -0.053     ; 1.987      ;
; -1.053 ; fifo:rx_fifo_inst|wr_ptr[2]                                                                              ; hold_cmd[1]                        ; clk          ; clk         ; 1.000        ; -0.053     ; 1.987      ;
; -1.041 ; fifo:rx_fifo_inst|memory_rtl_0_bypass[3]                                                                 ; checksum_error                     ; clk          ; clk         ; 1.000        ; -0.044     ; 1.984      ;
; -1.036 ; fifo:tx_fifo_inst|altsyncram:memory_rtl_0|altsyncram_5pd1:auto_generated|ram_block1a0~portb_address_reg0 ; uart_tx_fixed:tx_inst|shift_reg[2] ; clk          ; clk         ; 1.000        ; -0.224     ; 1.799      ;
; -1.029 ; fifo:rx_fifo_inst|rd_ptr[2]                                                                              ; hold_cmd[0]                        ; clk          ; clk         ; 1.000        ; -0.053     ; 1.963      ;
; -1.029 ; fifo:rx_fifo_inst|rd_ptr[2]                                                                              ; hold_cmd[1]                        ; clk          ; clk         ; 1.000        ; -0.053     ; 1.963      ;
; -1.028 ; fifo:rx_fifo_inst|memory_rtl_0_bypass[4]                                                                 ; checksum_error                     ; clk          ; clk         ; 1.000        ; -0.044     ; 1.971      ;
+--------+----------------------------------------------------------------------------------------------------------+------------------------------------+--------------+-------------+--------------+------------+------------+


+------------------------------------------------------------------------------------------------------------------------------------------------------------------------------------------------------------------------------------+
; Fast 1200mV 0C Model Hold: 'clk'                                                                                                                                                                                                   ;
+-------+-------------------------------------------+----------------------------------------------------------------------------------------------------------+--------------+-------------+--------------+------------+------------+
; Slack ; From Node                                 ; To Node                                                                                                  ; Launch Clock ; Latch Clock ; Relationship ; Clock Skew ; Data Delay ;
+-------+-------------------------------------------+----------------------------------------------------------------------------------------------------------+--------------+-------------+--------------+------------+------------+
; 0.171 ; fifo:rx_fifo_inst|wr_ptr[1]               ; fifo:rx_fifo_inst|altsyncram:memory_rtl_0|altsyncram_5pd1:auto_generated|ram_block1a0~porta_address_reg0 ; clk          ; clk         ; 0.000        ; 0.219      ; 0.494      ;
; 0.176 ; fifo:rx_fifo_inst|wr_ptr[3]               ; fifo:rx_fifo_inst|altsyncram:memory_rtl_0|altsyncram_5pd1:auto_generated|ram_block1a0~porta_address_reg0 ; clk          ; clk         ; 0.000        ; 0.219      ; 0.499      ;
; 0.178 ; debug_mode[0]                             ; debug_mode[0]                                                                                            ; clk          ; clk         ; 0.000        ; 0.045      ; 0.307      ;
; 0.178 ; p_state[0]                                ; p_state[0]                                                                                               ; clk          ; clk         ; 0.000        ; 0.045      ; 0.307      ;
; 0.185 ; fifo:rx_fifo_inst|wr_ptr[2]               ; fifo:rx_fifo_inst|altsyncram:memory_rtl_0|altsyncram_5pd1:auto_generated|ram_block1a0~porta_address_reg0 ; clk          ; clk         ; 0.000        ; 0.219      ; 0.508      ;
; 0.185 ; wait_fifo                                 ; wait_fifo                                                                                                ; clk          ; clk         ; 0.000        ; 0.045      ; 0.314      ;
; 0.186 ; p_state[1]                                ; p_state[1]                                                                                               ; clk          ; clk         ; 0.000        ; 0.037      ; 0.307      ;
; 0.186 ; debug_counter[0]                          ; debug_counter[0]                                                                                         ; clk          ; clk         ; 0.000        ; 0.044      ; 0.314      ;
; 0.186 ; fifo:rx_fifo_inst|wr_ptr[0]               ; fifo:rx_fifo_inst|wr_ptr[0]                                                                              ; clk          ; clk         ; 0.000        ; 0.037      ; 0.307      ;
; 0.186 ; fifo:rx_fifo_inst|rd_ptr[1]               ; fifo:rx_fifo_inst|rd_ptr[1]                                                                              ; clk          ; clk         ; 0.000        ; 0.037      ; 0.307      ;
; 0.186 ; fifo:rx_fifo_inst|rd_ptr[2]               ; fifo:rx_fifo_inst|rd_ptr[2]                                                                              ; clk          ; clk         ; 0.000        ; 0.037      ; 0.307      ;
; 0.186 ; fifo:rx_fifo_inst|rd_ptr[4]               ; fifo:rx_fifo_inst|rd_ptr[4]                                                                              ; clk          ; clk         ; 0.000        ; 0.037      ; 0.307      ;
; 0.186 ; fifo:rx_fifo_inst|rd_ptr[0]               ; fifo:rx_fifo_inst|rd_ptr[0]                                                                              ; clk          ; clk         ; 0.000        ; 0.037      ; 0.307      ;
; 0.186 ; fifo:tx_fifo_inst|wr_ptr[0]               ; fifo:tx_fifo_inst|wr_ptr[0]                                                                              ; clk          ; clk         ; 0.000        ; 0.037      ; 0.307      ;
; 0.187 ; uart_rx:rx_inst|framing_err               ; uart_rx:rx_inst|framing_err                                                                              ; clk          ; clk         ; 0.000        ; 0.036      ; 0.307      ;
; 0.187 ; debug_mode[2]                             ; debug_mode[2]                                                                                            ; clk          ; clk         ; 0.000        ; 0.036      ; 0.307      ;
; 0.187 ; debug_mode[1]                             ; debug_mode[1]                                                                                            ; clk          ; clk         ; 0.000        ; 0.036      ; 0.307      ;
; 0.187 ; fifo:rx_fifo_inst|rd_ptr[3]               ; fifo:rx_fifo_inst|rd_ptr[3]                                                                              ; clk          ; clk         ; 0.000        ; 0.036      ; 0.307      ;
; 0.187 ; uart_rx:rx_inst|state.ST_STOP             ; uart_rx:rx_inst|state.ST_STOP                                                                            ; clk          ; clk         ; 0.000        ; 0.036      ; 0.307      ;
; 0.187 ; uart_rx:rx_inst|state.ST_DATA             ; uart_rx:rx_inst|state.ST_DATA                                                                            ; clk          ; clk         ; 0.000        ; 0.036      ; 0.307      ;
; 0.187 ; uart_rx:rx_inst|state.ST_START            ; uart_rx:rx_inst|state.ST_START                                                                           ; clk          ; clk         ; 0.000        ; 0.036      ; 0.307      ;
; 0.187 ; uart_rx:rx_inst|state.ST_IDLE             ; uart_rx:rx_inst|state.ST_IDLE                                                                            ; clk          ; clk         ; 0.000        ; 0.036      ; 0.307      ;
; 0.187 ; uart_rx:rx_inst|s_tick_cnt[3]             ; uart_rx:rx_inst|s_tick_cnt[3]                                                                            ; clk          ; clk         ; 0.000        ; 0.036      ; 0.307      ;
; 0.187 ; uart_rx:rx_inst|s_tick_cnt[2]             ; uart_rx:rx_inst|s_tick_cnt[2]                                                                            ; clk          ; clk         ; 0.000        ; 0.036      ; 0.307      ;
; 0.187 ; uart_rx:rx_inst|s_tick_cnt[1]             ; uart_rx:rx_inst|s_tick_cnt[1]                                                                            ; clk          ; clk         ; 0.000        ; 0.036      ; 0.307      ;
; 0.187 ; uart_rx:rx_inst|s_tick_cnt[0]             ; uart_rx:rx_inst|s_tick_cnt[0]                                                                            ; clk          ; clk         ; 0.000        ; 0.036      ; 0.307      ;
; 0.187 ; uart_rx:rx_inst|bit_cnt[2]                ; uart_rx:rx_inst|bit_cnt[2]                                                                               ; clk          ; clk         ; 0.000        ; 0.036      ; 0.307      ;
; 0.187 ; uart_rx:rx_inst|bit_cnt[0]                ; uart_rx:rx_inst|bit_cnt[0]                                                                               ; clk          ; clk         ; 0.000        ; 0.036      ; 0.307      ;
; 0.187 ; uart_rx:rx_inst|bit_cnt[1]                ; uart_rx:rx_inst|bit_cnt[1]                                                                               ; clk          ; clk         ; 0.000        ; 0.036      ; 0.307      ;
; 0.187 ; uart_tx_fixed:tx_inst|shift_reg[7]        ; uart_tx_fixed:tx_inst|shift_reg[7]                                                                       ; clk          ; clk         ; 0.000        ; 0.036      ; 0.307      ;
; 0.187 ; fifo:tx_fifo_inst|rd_ptr[2]               ; fifo:tx_fifo_inst|rd_ptr[2]                                                                              ; clk          ; clk         ; 0.000        ; 0.036      ; 0.307      ;
; 0.187 ; fifo:tx_fifo_inst|rd_ptr[3]               ; fifo:tx_fifo_inst|rd_ptr[3]                                                                              ; clk          ; clk         ; 0.000        ; 0.036      ; 0.307      ;
; 0.187 ; fifo:tx_fifo_inst|rd_ptr[1]               ; fifo:tx_fifo_inst|rd_ptr[1]                                                                              ; clk          ; clk         ; 0.000        ; 0.036      ; 0.307      ;
; 0.187 ; fifo:tx_fifo_inst|rd_ptr[4]               ; fifo:tx_fifo_inst|rd_ptr[4]                                                                              ; clk          ; clk         ; 0.000        ; 0.036      ; 0.307      ;
; 0.187 ; fifo:tx_fifo_inst|rd_ptr[0]               ; fifo:tx_fifo_inst|rd_ptr[0]                                                                              ; clk          ; clk         ; 0.000        ; 0.036      ; 0.307      ;
; 0.187 ; uart_tx_fixed:tx_inst|bit_cnt[1]          ; uart_tx_fixed:tx_inst|bit_cnt[1]                                                                         ; clk          ; clk         ; 0.000        ; 0.036      ; 0.307      ;
; 0.187 ; uart_tx_fixed:tx_inst|bit_cnt[2]          ; uart_tx_fixed:tx_inst|bit_cnt[2]                                                                         ; clk          ; clk         ; 0.000        ; 0.036      ; 0.307      ;
; 0.187 ; uart_tx_fixed:tx_inst|bit_cnt[0]          ; uart_tx_fixed:tx_inst|bit_cnt[0]                                                                         ; clk          ; clk         ; 0.000        ; 0.036      ; 0.307      ;
; 0.187 ; uart_tx_fixed:tx_inst|state.STOP          ; uart_tx_fixed:tx_inst|state.STOP                                                                         ; clk          ; clk         ; 0.000        ; 0.036      ; 0.307      ;
; 0.187 ; uart_tx_fixed:tx_inst|state.IDLE          ; uart_tx_fixed:tx_inst|state.IDLE                                                                         ; clk          ; clk         ; 0.000        ; 0.036      ; 0.307      ;
; 0.187 ; uart_tx_fixed:tx_inst|state.START         ; uart_tx_fixed:tx_inst|state.START                                                                        ; clk          ; clk         ; 0.000        ; 0.036      ; 0.307      ;
; 0.187 ; uart_tx_fixed:tx_inst|s_tick_cnt[2]       ; uart_tx_fixed:tx_inst|s_tick_cnt[2]                                                                      ; clk          ; clk         ; 0.000        ; 0.036      ; 0.307      ;
; 0.187 ; uart_tx_fixed:tx_inst|s_tick_cnt[1]       ; uart_tx_fixed:tx_inst|s_tick_cnt[1]                                                                      ; clk          ; clk         ; 0.000        ; 0.036      ; 0.307      ;
; 0.187 ; uart_tx_fixed:tx_inst|s_tick_cnt[0]       ; uart_tx_fixed:tx_inst|s_tick_cnt[0]                                                                      ; clk          ; clk         ; 0.000        ; 0.036      ; 0.307      ;
; 0.187 ; baud_gen_fixed:baud_gen_inst|count_reg[0] ; baud_gen_fixed:baud_gen_inst|count_reg[0]                                                                ; clk          ; clk         ; 0.000        ; 0.036      ; 0.307      ;
; 0.194 ; uart_rx:rx_inst|state.ST_DONE             ; uart_rx:rx_inst|state.ST_DONE                                                                            ; clk          ; clk         ; 0.000        ; 0.036      ; 0.314      ;
; 0.194 ; tx_start                                  ; tx_start                                                                                                 ; clk          ; clk         ; 0.000        ; 0.036      ; 0.314      ;
; 0.196 ; uart_rx:rx_inst|shift_reg[0]              ; uart_rx:rx_inst|rx_data[0]                                                                               ; clk          ; clk         ; 0.000        ; 0.036      ; 0.316      ;
; 0.196 ; uart_rx:rx_inst|shift_reg[5]              ; uart_rx:rx_inst|shift_reg[4]                                                                             ; clk          ; clk         ; 0.000        ; 0.036      ; 0.316      ;
; 0.197 ; uart_rx:rx_inst|shift_reg[4]              ; uart_rx:rx_inst|rx_data[4]                                                                               ; clk          ; clk         ; 0.000        ; 0.036      ; 0.317      ;
; 0.197 ; uart_rx:rx_inst|shift_reg[6]              ; uart_rx:rx_inst|shift_reg[5]                                                                             ; clk          ; clk         ; 0.000        ; 0.036      ; 0.317      ;
; 0.198 ; uart_rx:rx_inst|shift_reg[2]              ; uart_rx:rx_inst|shift_reg[1]                                                                             ; clk          ; clk         ; 0.000        ; 0.036      ; 0.318      ;
; 0.198 ; uart_rx:rx_inst|shift_reg[2]              ; uart_rx:rx_inst|rx_data[2]                                                                               ; clk          ; clk         ; 0.000        ; 0.036      ; 0.318      ;
; 0.198 ; uart_rx:rx_inst|shift_reg[3]              ; uart_rx:rx_inst|shift_reg[2]                                                                             ; clk          ; clk         ; 0.000        ; 0.036      ; 0.318      ;
; 0.198 ; uart_rx:rx_inst|shift_reg[3]              ; uart_rx:rx_inst|rx_data[3]                                                                               ; clk          ; clk         ; 0.000        ; 0.036      ; 0.318      ;
; 0.198 ; uart_rx:rx_inst|shift_reg[5]              ; uart_rx:rx_inst|rx_data[5]                                                                               ; clk          ; clk         ; 0.000        ; 0.036      ; 0.318      ;
; 0.199 ; uart_rx:rx_inst|shift_reg[6]              ; uart_rx:rx_inst|rx_data[6]                                                                               ; clk          ; clk         ; 0.000        ; 0.036      ; 0.319      ;
; 0.200 ; uart_rx:rx_inst|shift_reg[4]              ; uart_rx:rx_inst|shift_reg[3]                                                                             ; clk          ; clk         ; 0.000        ; 0.036      ; 0.320      ;
; 0.202 ; uart_rx:rx_inst|bit_cnt[0]                ; uart_rx:rx_inst|bit_cnt[1]                                                                               ; clk          ; clk         ; 0.000        ; 0.036      ; 0.322      ;
; 0.207 ; fifo:rx_fifo_inst|rd_ptr[0]               ; fifo:rx_fifo_inst|rd_ptr[2]                                                                              ; clk          ; clk         ; 0.000        ; 0.037      ; 0.328      ;
; 0.207 ; uart_tx_fixed:tx_inst|s_tick_cnt[0]       ; uart_tx_fixed:tx_inst|s_tick_cnt[2]                                                                      ; clk          ; clk         ; 0.000        ; 0.036      ; 0.327      ;
; 0.209 ; fifo:rx_fifo_inst|rd_ptr[0]               ; fifo:rx_fifo_inst|rd_ptr[1]                                                                              ; clk          ; clk         ; 0.000        ; 0.037      ; 0.330      ;
; 0.213 ; fifo:tx_fifo_inst|rd_ptr[2]               ; fifo:tx_fifo_inst|memory_rtl_0_bypass[6]                                                                 ; clk          ; clk         ; 0.000        ; 0.036      ; 0.333      ;
; 0.214 ; tx_start                                  ; uart_tx_fixed:tx_inst|state.IDLE                                                                         ; clk          ; clk         ; 0.000        ; 0.036      ; 0.334      ;
; 0.218 ; uart_tx_fixed:tx_inst|state.IDLE          ; uart_tx_fixed:tx_inst|tx                                                                                 ; clk          ; clk         ; 0.000        ; 0.036      ; 0.338      ;
; 0.220 ; fifo:tx_fifo_inst|wr_ptr[3]               ; fifo:tx_fifo_inst|memory_rtl_0_bypass[7]                                                                 ; clk          ; clk         ; 0.000        ; 0.037      ; 0.341      ;
; 0.227 ; uart_rx:rx_inst|state.ST_DONE             ; uart_rx:rx_inst|state.ST_START                                                                           ; clk          ; clk         ; 0.000        ; 0.036      ; 0.347      ;
; 0.235 ; fifo:tx_fifo_inst|rd_ptr[0]               ; fifo:tx_fifo_inst|rd_ptr[1]                                                                              ; clk          ; clk         ; 0.000        ; 0.036      ; 0.355      ;
; 0.238 ; fifo:tx_fifo_inst|rd_ptr[0]               ; fifo:tx_fifo_inst|memory_rtl_0_bypass[4]                                                                 ; clk          ; clk         ; 0.000        ; 0.036      ; 0.358      ;
; 0.243 ; fifo:tx_fifo_inst|rd_ptr[0]               ; fifo:tx_fifo_inst|memory_rtl_0_bypass[2]                                                                 ; clk          ; clk         ; 0.000        ; 0.036      ; 0.363      ;
; 0.254 ; uart_tx_fixed:tx_inst|shift_reg[3]        ; uart_tx_fixed:tx_inst|shift_reg[2]                                                                       ; clk          ; clk         ; 0.000        ; 0.036      ; 0.374      ;
; 0.254 ; uart_tx_fixed:tx_inst|shift_reg[5]        ; uart_tx_fixed:tx_inst|shift_reg[4]                                                                       ; clk          ; clk         ; 0.000        ; 0.036      ; 0.374      ;
; 0.257 ; fifo:rx_fifo_inst|memory_rtl_0_bypass[14] ; hold_data[5]                                                                                             ; clk          ; clk         ; 0.000        ; 0.037      ; 0.378      ;
; 0.263 ; uart_tx_fixed:tx_inst|shift_reg[1]        ; uart_tx_fixed:tx_inst|shift_reg[0]                                                                       ; clk          ; clk         ; 0.000        ; 0.036      ; 0.383      ;
; 0.266 ; fifo:tx_fifo_inst|memory~6                ; uart_tx_fixed:tx_inst|shift_reg[5]                                                                       ; clk          ; clk         ; 0.000        ; 0.037      ; 0.387      ;
; 0.271 ; uart_rx:rx_inst|shift_reg[1]              ; uart_rx:rx_inst|rx_data[1]                                                                               ; clk          ; clk         ; 0.000        ; 0.036      ; 0.391      ;
; 0.272 ; uart_rx:rx_inst|shift_reg[1]              ; uart_rx:rx_inst|shift_reg[0]                                                                             ; clk          ; clk         ; 0.000        ; 0.036      ; 0.392      ;
; 0.272 ; uart_rx:rx_inst|shift_reg[7]              ; uart_rx:rx_inst|shift_reg[6]                                                                             ; clk          ; clk         ; 0.000        ; 0.036      ; 0.392      ;
; 0.272 ; fifo:rx_fifo_inst|wr_ptr[1]               ; fifo:rx_fifo_inst|memory_rtl_0_bypass[3]                                                                 ; clk          ; clk         ; 0.000        ; 0.036      ; 0.392      ;
; 0.273 ; uart_rx:rx_inst|shift_reg[7]              ; uart_rx:rx_inst|rx_data[7]                                                                               ; clk          ; clk         ; 0.000        ; 0.036      ; 0.393      ;
; 0.273 ; fifo:rx_fifo_inst|wr_ptr[0]               ; fifo:rx_fifo_inst|altsyncram:memory_rtl_0|altsyncram_5pd1:auto_generated|ram_block1a0~porta_address_reg0 ; clk          ; clk         ; 0.000        ; 0.219      ; 0.596      ;
; 0.274 ; fifo:rx_fifo_inst|wr_ptr[3]               ; fifo:rx_fifo_inst|memory_rtl_0_bypass[7]                                                                 ; clk          ; clk         ; 0.000        ; 0.036      ; 0.394      ;
; 0.284 ; fifo:tx_fifo_inst|rd_ptr[1]               ; fifo:tx_fifo_inst|memory_rtl_0_bypass[6]                                                                 ; clk          ; clk         ; 0.000        ; 0.036      ; 0.404      ;
; 0.284 ; fifo:tx_fifo_inst|rd_ptr[1]               ; fifo:tx_fifo_inst|memory_rtl_0_bypass[4]                                                                 ; clk          ; clk         ; 0.000        ; 0.036      ; 0.404      ;
; 0.285 ; fifo:tx_fifo_inst|wr_ptr[1]               ; fifo:tx_fifo_inst|memory_rtl_0_bypass[3]                                                                 ; clk          ; clk         ; 0.000        ; 0.037      ; 0.406      ;
; 0.288 ; uart_rx:rx_inst|state.ST_IDLE             ; uart_rx:rx_inst|s_tick_cnt[0]                                                                            ; clk          ; clk         ; 0.000        ; 0.035      ; 0.407      ;
; 0.291 ; uart_rx:rx_inst|rx_data[2]                ; fifo:rx_fifo_inst|altsyncram:memory_rtl_0|altsyncram_5pd1:auto_generated|ram_block1a0~porta_datain_reg0  ; clk          ; clk         ; 0.000        ; 0.234      ; 0.629      ;
; 0.294 ; fifo:rx_fifo_inst|memory_rtl_0_bypass[16] ; hold_data[7]                                                                                             ; clk          ; clk         ; 0.000        ; 0.037      ; 0.415      ;
; 0.294 ; uart_rx:rx_inst|rx_data[5]                ; fifo:rx_fifo_inst|altsyncram:memory_rtl_0|altsyncram_5pd1:auto_generated|ram_block1a0~porta_datain_reg0  ; clk          ; clk         ; 0.000        ; 0.234      ; 0.632      ;
; 0.294 ; fifo:rx_fifo_inst|wr_ptr[2]               ; fifo:rx_fifo_inst|memory_rtl_0_bypass[5]                                                                 ; clk          ; clk         ; 0.000        ; 0.036      ; 0.414      ;
; 0.295 ; uart_rx:rx_inst|rx_data[0]                ; fifo:rx_fifo_inst|altsyncram:memory_rtl_0|altsyncram_5pd1:auto_generated|ram_block1a0~porta_datain_reg0  ; clk          ; clk         ; 0.000        ; 0.234      ; 0.633      ;
; 0.297 ; debug_counter[12]                         ; debug_counter[12]                                                                                        ; clk          ; clk         ; 0.000        ; 0.035      ; 0.416      ;
; 0.298 ; debug_counter[18]                         ; debug_counter[18]                                                                                        ; clk          ; clk         ; 0.000        ; 0.036      ; 0.418      ;
; 0.298 ; debug_counter[16]                         ; debug_counter[16]                                                                                        ; clk          ; clk         ; 0.000        ; 0.036      ; 0.418      ;
; 0.298 ; debug_counter[10]                         ; debug_counter[10]                                                                                        ; clk          ; clk         ; 0.000        ; 0.035      ; 0.417      ;
; 0.299 ; uart_rx:rx_inst|rx_data[1]                ; fifo:rx_fifo_inst|altsyncram:memory_rtl_0|altsyncram_5pd1:auto_generated|ram_block1a0~porta_datain_reg0  ; clk          ; clk         ; 0.000        ; 0.234      ; 0.637      ;
; 0.299 ; debug_counter[20]                         ; debug_counter[20]                                                                                        ; clk          ; clk         ; 0.000        ; 0.036      ; 0.419      ;
; 0.299 ; debug_counter[19]                         ; debug_counter[19]                                                                                        ; clk          ; clk         ; 0.000        ; 0.036      ; 0.419      ;
; 0.299 ; debug_counter[8]                          ; debug_counter[8]                                                                                         ; clk          ; clk         ; 0.000        ; 0.035      ; 0.418      ;
; 0.299 ; fifo:tx_fifo_inst|wr_ptr[0]               ; fifo:tx_fifo_inst|altsyncram:memory_rtl_0|altsyncram_5pd1:auto_generated|ram_block1a0~porta_address_reg0 ; clk          ; clk         ; 0.000        ; 0.222      ; 0.625      ;
+-------+-------------------------------------------+----------------------------------------------------------------------------------------------------------+--------------+-------------+--------------+------------+------------+


----------------------------------------------
; Fast 1200mV 0C Model Metastability Summary ;
----------------------------------------------
No synchronizer chains to report.


+--------------------------------------------------------------------------------+
; Multicorner Timing Analysis Summary                                            ;
+------------------+----------+-------+----------+---------+---------------------+
; Clock            ; Setup    ; Hold  ; Recovery ; Removal ; Minimum Pulse Width ;
+------------------+----------+-------+----------+---------+---------------------+
; Worst-case Slack ; -6.491   ; 0.171 ; N/A      ; N/A     ; -3.201              ;
;  clk             ; -6.491   ; 0.171 ; N/A      ; N/A     ; -3.201              ;
; Design-wide TNS  ; -477.038 ; 0.0   ; 0.0      ; 0.0     ; -293.294            ;
;  clk             ; -477.038 ; 0.000 ; N/A      ; N/A     ; -293.294            ;
+------------------+----------+-------+----------+---------+---------------------+


+--------------------------------------------------------------------------------------------------------------------------------------------------------------------------------------------------------------------------------------------------------------------------------------------------------------------------------------------------------------------------------------------------------------------+
; Board Trace Model Assignments                                                                                                                                                                                                                                                                                                                                                                                      ;
+-----------------+--------------+-------------------+-------------------------+-------------------------+---------------+---------------------+----------------+------------------+--------+------------------+------------------------+------------------------+--------------+---------------+-----------------+-------+---------------------+--------------------+---------------+-----------------+-------------+
; Pin             ; I/O Standard ; Near Tline Length ; Near Tline L per Length ; Near Tline C per Length ; Near Series R ; Near Differential R ; Near Pull-up R ; Near Pull-down R ; Near C ; Far Tline Length ; Far Tline L per Length ; Far Tline C per Length ; Far Series R ; Far Pull-up R ; Far Pull-down R ; Far C ; Termination Voltage ; Far Differential R ; EBD File Name ; EBD Signal Name ; EBD Far-end ;
+-----------------+--------------+-------------------+-------------------------+-------------------------+---------------+---------------------+----------------+------------------+--------+------------------+------------------------+------------------------+--------------+---------------+-----------------+-------+---------------------+--------------------+---------------+-----------------+-------------+
; uart_tx         ; 2.5 V        ; 0 in              ; 0 H/in                  ; 0 F/in                  ; short         ; -                   ; open           ; open             ; open   ; 0 in             ; 0 H/in                 ; 0 F/in                 ; short        ; open          ; open            ; open  ; 0 V                 ; -                  ; n/a           ; n/a             ; n/a         ;
; leds[0]         ; 2.5 V        ; 0 in              ; 0 H/in                  ; 0 F/in                  ; short         ; -                   ; open           ; open             ; open   ; 0 in             ; 0 H/in                 ; 0 F/in                 ; short        ; open          ; open            ; open  ; 0 V                 ; -                  ; n/a           ; n/a             ; n/a         ;
; leds[1]         ; 2.5 V        ; 0 in              ; 0 H/in                  ; 0 F/in                  ; short         ; -                   ; open           ; open             ; open   ; 0 in             ; 0 H/in                 ; 0 F/in                 ; short        ; open          ; open            ; open  ; 0 V                 ; -                  ; n/a           ; n/a             ; n/a         ;
; leds[2]         ; 2.5 V        ; 0 in              ; 0 H/in                  ; 0 F/in                  ; short         ; -                   ; open           ; open             ; open   ; 0 in             ; 0 H/in                 ; 0 F/in                 ; short        ; open          ; open            ; open  ; 0 V                 ; -                  ; n/a           ; n/a             ; n/a         ;
; leds[3]         ; 2.5 V        ; 0 in              ; 0 H/in                  ; 0 F/in                  ; short         ; -                   ; open           ; open             ; open   ; 0 in             ; 0 H/in                 ; 0 F/in                 ; short        ; open          ; open            ; open  ; 0 V                 ; -                  ; n/a           ; n/a             ; n/a         ;
; leds[4]         ; 2.5 V        ; 0 in              ; 0 H/in                  ; 0 F/in                  ; short         ; -                   ; open           ; open             ; open   ; 0 in             ; 0 H/in                 ; 0 F/in                 ; short        ; open          ; open            ; open  ; 0 V                 ; -                  ; n/a           ; n/a             ; n/a         ;
; rx_fifo_full    ; 2.5 V        ; 0 in              ; 0 H/in                  ; 0 F/in                  ; short         ; -                   ; open           ; open             ; open   ; 0 in             ; 0 H/in                 ; 0 F/in                 ; short        ; open          ; open            ; open  ; 0 V                 ; -                  ; n/a           ; n/a             ; n/a         ;
; rx_fifo_empty   ; 2.5 V        ; 0 in              ; 0 H/in                  ; 0 F/in                  ; short         ; -                   ; open           ; open             ; open   ; 0 in             ; 0 H/in                 ; 0 F/in                 ; short        ; open          ; open            ; open  ; 0 V                 ; -                  ; n/a           ; n/a             ; n/a         ;
; tx_fifo_full    ; 2.5 V        ; 0 in              ; 0 H/in                  ; 0 F/in                  ; short         ; -                   ; open           ; open             ; open   ; 0 in             ; 0 H/in                 ; 0 F/in                 ; short        ; open          ; open            ; open  ; 0 V                 ; -                  ; n/a           ; n/a             ; n/a         ;
; tx_fifo_empty   ; 2.5 V        ; 0 in              ; 0 H/in                  ; 0 F/in                  ; short         ; -                   ; open           ; open             ; open   ; 0 in             ; 0 H/in                 ; 0 F/in                 ; short        ; open          ; open            ; open  ; 0 V                 ; -                  ; n/a           ; n/a             ; n/a         ;
; user_rx_data[0] ; 2.5 V        ; 0 in              ; 0 H/in                  ; 0 F/in                  ; short         ; -                   ; open           ; open             ; open   ; 0 in             ; 0 H/in                 ; 0 F/in                 ; short        ; open          ; open            ; open  ; 0 V                 ; -                  ; n/a           ; n/a             ; n/a         ;
; user_rx_data[1] ; 2.5 V        ; 0 in              ; 0 H/in                  ; 0 F/in                  ; short         ; -                   ; open           ; open             ; open   ; 0 in             ; 0 H/in                 ; 0 F/in                 ; short        ; open          ; open            ; open  ; 0 V                 ; -                  ; n/a           ; n/a             ; n/a         ;
; user_rx_data[2] ; 2.5 V        ; 0 in              ; 0 H/in                  ; 0 F/in                  ; short         ; -                   ; open           ; open             ; open   ; 0 in             ; 0 H/in                 ; 0 F/in                 ; short        ; open          ; open            ; open  ; 0 V                 ; -                  ; n/a           ; n/a             ; n/a         ;
; user_rx_data[3] ; 2.5 V        ; 0 in              ; 0 H/in                  ; 0 F/in                  ; short         ; -                   ; open           ; open             ; open   ; 0 in             ; 0 H/in                 ; 0 F/in                 ; short        ; open          ; open            ; open  ; 0 V                 ; -                  ; n/a           ; n/a             ; n/a         ;
; user_rx_data[4] ; 2.5 V        ; 0 in              ; 0 H/in                  ; 0 F/in                  ; short         ; -                   ; open           ; open             ; open   ; 0 in             ; 0 H/in                 ; 0 F/in                 ; short        ; open          ; open            ; open  ; 0 V                 ; -                  ; n/a           ; n/a             ; n/a         ;
; user_rx_data[5] ; 2.5 V        ; 0 in              ; 0 H/in                  ; 0 F/in                  ; short         ; -                   ; open           ; open             ; open   ; 0 in             ; 0 H/in                 ; 0 F/in                 ; short        ; open          ; open            ; open  ; 0 V                 ; -                  ; n/a           ; n/a             ; n/a         ;
; user_rx_data[6] ; 2.5 V        ; 0 in              ; 0 H/in                  ; 0 F/in                  ; short         ; -                   ; open           ; open             ; open   ; 0 in             ; 0 H/in                 ; 0 F/in                 ; short        ; open          ; open            ; open  ; 0 V                 ; -                  ; n/a           ; n/a             ; n/a         ;
; user_rx_data[7] ; 2.5 V        ; 0 in              ; 0 H/in                  ; 0 F/in                  ; short         ; -                   ; open           ; open             ; open   ; 0 in             ; 0 H/in                 ; 0 F/in                 ; short        ; open          ; open            ; open  ; 0 V                 ; -                  ; n/a           ; n/a             ; n/a         ;
; ~ALTERA_DCLK~   ; 2.5 V        ; 0 in              ; 0 H/in                  ; 0 F/in                  ; short         ; -                   ; open           ; open             ; open   ; 0 in             ; 0 H/in                 ; 0 F/in                 ; short        ; open          ; open            ; open  ; 0 V                 ; -                  ; n/a           ; n/a             ; n/a         ;
; ~ALTERA_nCEO~   ; 2.5 V        ; 0 in              ; 0 H/in                  ; 0 F/in                  ; short         ; -                   ; open           ; open             ; open   ; 0 in             ; 0 H/in                 ; 0 F/in                 ; short        ; open          ; open            ; open  ; 0 V                 ; -                  ; n/a           ; n/a             ; n/a         ;
+-----------------+--------------+-------------------+-------------------------+-------------------------+---------------+---------------------+----------------+------------------+--------+------------------+------------------------+------------------------+--------------+---------------+-----------------+-------+---------------------+--------------------+---------------+-----------------+-------------+


+----------------------------------------------------------------------------+
; Input Transition Times                                                     ;
+-------------------------+--------------+-----------------+-----------------+
; Pin                     ; I/O Standard ; 10-90 Rise Time ; 90-10 Fall Time ;
+-------------------------+--------------+-----------------+-----------------+
; uart_rx                 ; 2.5 V        ; 2000 ps         ; 2000 ps         ;
; clk                     ; 2.5 V        ; 2000 ps         ; 2000 ps         ;
; rst_n                   ; 2.5 V        ; 2000 ps         ; 2000 ps         ;
; user_wr_en              ; 2.5 V        ; 2000 ps         ; 2000 ps         ;
; user_rd_en              ; 2.5 V        ; 2000 ps         ; 2000 ps         ;
; user_tx_data[0]         ; 2.5 V        ; 2000 ps         ; 2000 ps         ;
; user_tx_data[1]         ; 2.5 V        ; 2000 ps         ; 2000 ps         ;
; user_tx_data[2]         ; 2.5 V        ; 2000 ps         ; 2000 ps         ;
; user_tx_data[3]         ; 2.5 V        ; 2000 ps         ; 2000 ps         ;
; user_tx_data[4]         ; 2.5 V        ; 2000 ps         ; 2000 ps         ;
; user_tx_data[5]         ; 2.5 V        ; 2000 ps         ; 2000 ps         ;
; user_tx_data[6]         ; 2.5 V        ; 2000 ps         ; 2000 ps         ;
; user_tx_data[7]         ; 2.5 V        ; 2000 ps         ; 2000 ps         ;
; ~ALTERA_ASDO_DATA1~     ; 2.5 V        ; 2000 ps         ; 2000 ps         ;
; ~ALTERA_FLASH_nCE_nCSO~ ; 2.5 V        ; 2000 ps         ; 2000 ps         ;
; ~ALTERA_DATA0~          ; 2.5 V        ; 2000 ps         ; 2000 ps         ;
+-------------------------+--------------+-----------------+-----------------+


+----------------------------------------------------------------------------------------------------------------------------------------------------------------------------------------------------------------------------------------------------------------------------------------------------------------------------------------------------------------------------------------------------------------------------------------------------------------------------------------------------------------------------------------------------------------------------------------------------------------------------------------------------------------------------------------------+
; Signal Integrity Metrics (Slow 1200mv 0c Model)                                                                                                                                                                                                                                                                                                                                                                                                                                                                                                                                                                                                                                              ;
+-----------------+--------------+---------------------+---------------------+------------------------------+------------------------------+---------------------+---------------------+--------------------------------------+--------------------------------------+-----------------------------+-----------------------------+----------------------------+----------------------------+-----------------------------+-----------------------------+--------------------+--------------------+-------------------------------------+-------------------------------------+----------------------------+----------------------------+---------------------------+---------------------------+
; Pin             ; I/O Standard ; Board Delay on Rise ; Board Delay on Fall ; Steady State Voh at FPGA Pin ; Steady State Vol at FPGA Pin ; Voh Max at FPGA Pin ; Vol Min at FPGA Pin ; Ringback Voltage on Rise at FPGA Pin ; Ringback Voltage on Fall at FPGA Pin ; 10-90 Rise Time at FPGA Pin ; 90-10 Fall Time at FPGA Pin ; Monotonic Rise at FPGA Pin ; Monotonic Fall at FPGA Pin ; Steady State Voh at Far-end ; Steady State Vol at Far-end ; Voh Max at Far-end ; Vol Min at Far-end ; Ringback Voltage on Rise at Far-end ; Ringback Voltage on Fall at Far-end ; 10-90 Rise Time at Far-end ; 90-10 Fall Time at Far-end ; Monotonic Rise at Far-end ; Monotonic Fall at Far-end ;
+-----------------+--------------+---------------------+---------------------+------------------------------+------------------------------+---------------------+---------------------+--------------------------------------+--------------------------------------+-----------------------------+-----------------------------+----------------------------+----------------------------+-----------------------------+-----------------------------+--------------------+--------------------+-------------------------------------+-------------------------------------+----------------------------+----------------------------+---------------------------+---------------------------+
; uart_tx         ; 2.5 V        ; 0 s                 ; 0 s                 ; 2.32 V                       ; 2.07e-09 V                   ; 2.36 V              ; -0.00737 V          ; 0.209 V                              ; 0.012 V                              ; 5.22e-10 s                  ; 5.33e-10 s                  ; Yes                        ; Yes                        ; 2.32 V                      ; 2.07e-09 V                  ; 2.36 V             ; -0.00737 V         ; 0.209 V                             ; 0.012 V                             ; 5.22e-10 s                 ; 5.33e-10 s                 ; Yes                       ; Yes                       ;
; leds[0]         ; 2.5 V        ; 0 s                 ; 0 s                 ; 2.32 V                       ; 2.07e-09 V                   ; 2.38 V              ; -0.0073 V           ; 0.097 V                              ; 0.018 V                              ; 4.24e-10 s                  ; 3.65e-10 s                  ; No                         ; Yes                        ; 2.32 V                      ; 2.07e-09 V                  ; 2.38 V             ; -0.0073 V          ; 0.097 V                             ; 0.018 V                             ; 4.24e-10 s                 ; 3.65e-10 s                 ; No                        ; Yes                       ;
; leds[1]         ; 2.5 V        ; 0 s                 ; 0 s                 ; 2.32 V                       ; 2.07e-09 V                   ; 2.38 V              ; -0.0073 V           ; 0.097 V                              ; 0.018 V                              ; 4.24e-10 s                  ; 3.65e-10 s                  ; No                         ; Yes                        ; 2.32 V                      ; 2.07e-09 V                  ; 2.38 V             ; -0.0073 V          ; 0.097 V                             ; 0.018 V                             ; 4.24e-10 s                 ; 3.65e-10 s                 ; No                        ; Yes                       ;
; leds[2]         ; 2.5 V        ; 0 s                 ; 0 s                 ; 2.32 V                       ; 2.07e-09 V                   ; 2.38 V              ; -0.0073 V           ; 0.097 V                              ; 0.018 V                              ; 4.24e-10 s                  ; 3.65e-10 s                  ; No                         ; Yes                        ; 2.32 V                      ; 2.07e-09 V                  ; 2.38 V             ; -0.0073 V          ; 0.097 V                             ; 0.018 V                             ; 4.24e-10 s                 ; 3.65e-10 s                 ; No                        ; Yes                       ;
; leds[3]         ; 2.5 V        ; 0 s                 ; 0 s                 ; 2.32 V                       ; 2.07e-09 V                   ; 2.33 V              ; -0.00421 V          ; 0.165 V                              ; 0.078 V                              ; 3.11e-09 s                  ; 2.85e-09 s                  ; Yes                        ; Yes                        ; 2.32 V                      ; 2.07e-09 V                  ; 2.33 V             ; -0.00421 V         ; 0.165 V                             ; 0.078 V                             ; 3.11e-09 s                 ; 2.85e-09 s                 ; Yes                       ; Yes                       ;
; leds[4]         ; 2.5 V        ; 0 s                 ; 0 s                 ; 2.32 V                       ; 2.07e-09 V                   ; 2.36 V              ; -0.00737 V          ; 0.209 V                              ; 0.012 V                              ; 5.22e-10 s                  ; 5.33e-10 s                  ; Yes                        ; Yes                        ; 2.32 V                      ; 2.07e-09 V                  ; 2.36 V             ; -0.00737 V         ; 0.209 V                             ; 0.012 V                             ; 5.22e-10 s                 ; 5.33e-10 s                 ; Yes                       ; Yes                       ;
; rx_fifo_full    ; 2.5 V        ; 0 s                 ; 0 s                 ; 2.32 V                       ; 2.8e-09 V                    ; 2.33 V              ; -0.00425 V          ; 0.168 V                              ; 0.058 V                              ; 3.12e-09 s                  ; 2.87e-09 s                  ; Yes                        ; Yes                        ; 2.32 V                      ; 2.8e-09 V                   ; 2.33 V             ; -0.00425 V         ; 0.168 V                             ; 0.058 V                             ; 3.12e-09 s                 ; 2.87e-09 s                 ; Yes                       ; Yes                       ;
; rx_fifo_empty   ; 2.5 V        ; 0 s                 ; 0 s                 ; 2.32 V                       ; 2.8e-09 V                    ; 2.37 V              ; -0.00373 V          ; 0.104 V                              ; 0.011 V                              ; 4.34e-10 s                  ; 3.82e-10 s                  ; Yes                        ; Yes                        ; 2.32 V                      ; 2.8e-09 V                   ; 2.37 V             ; -0.00373 V         ; 0.104 V                             ; 0.011 V                             ; 4.34e-10 s                 ; 3.82e-10 s                 ; Yes                       ; Yes                       ;
; tx_fifo_full    ; 2.5 V        ; 0 s                 ; 0 s                 ; 2.32 V                       ; 2.8e-09 V                    ; 2.37 V              ; -0.00373 V          ; 0.104 V                              ; 0.011 V                              ; 4.34e-10 s                  ; 3.82e-10 s                  ; Yes                        ; Yes                        ; 2.32 V                      ; 2.8e-09 V                   ; 2.37 V             ; -0.00373 V         ; 0.104 V                             ; 0.011 V                             ; 4.34e-10 s                 ; 3.82e-10 s                 ; Yes                       ; Yes                       ;
; tx_fifo_empty   ; 2.5 V        ; 0 s                 ; 0 s                 ; 2.32 V                       ; 2.8e-09 V                    ; 2.33 V              ; -0.00425 V          ; 0.168 V                              ; 0.058 V                              ; 3.12e-09 s                  ; 2.87e-09 s                  ; Yes                        ; Yes                        ; 2.32 V                      ; 2.8e-09 V                   ; 2.33 V             ; -0.00425 V         ; 0.168 V                             ; 0.058 V                             ; 3.12e-09 s                 ; 2.87e-09 s                 ; Yes                       ; Yes                       ;
; user_rx_data[0] ; 2.5 V        ; 0 s                 ; 0 s                 ; 2.32 V                       ; 2.8e-09 V                    ; 2.37 V              ; -0.00373 V          ; 0.104 V                              ; 0.011 V                              ; 4.34e-10 s                  ; 3.82e-10 s                  ; Yes                        ; Yes                        ; 2.32 V                      ; 2.8e-09 V                   ; 2.37 V             ; -0.00373 V         ; 0.104 V                             ; 0.011 V                             ; 4.34e-10 s                 ; 3.82e-10 s                 ; Yes                       ; Yes                       ;
; user_rx_data[1] ; 2.5 V        ; 0 s                 ; 0 s                 ; 2.32 V                       ; 2.8e-09 V                    ; 2.37 V              ; -0.00373 V          ; 0.104 V                              ; 0.011 V                              ; 4.34e-10 s                  ; 3.82e-10 s                  ; Yes                        ; Yes                        ; 2.32 V                      ; 2.8e-09 V                   ; 2.37 V             ; -0.00373 V         ; 0.104 V                             ; 0.011 V                             ; 4.34e-10 s                 ; 3.82e-10 s                 ; Yes                       ; Yes                       ;
; user_rx_data[2] ; 2.5 V        ; 0 s                 ; 0 s                 ; 2.32 V                       ; 2.8e-09 V                    ; 2.37 V              ; -0.00373 V          ; 0.104 V                              ; 0.011 V                              ; 4.34e-10 s                  ; 3.82e-10 s                  ; Yes                        ; Yes                        ; 2.32 V                      ; 2.8e-09 V                   ; 2.37 V             ; -0.00373 V         ; 0.104 V                             ; 0.011 V                             ; 4.34e-10 s                 ; 3.82e-10 s                 ; Yes                       ; Yes                       ;
; user_rx_data[3] ; 2.5 V        ; 0 s                 ; 0 s                 ; 2.32 V                       ; 2.07e-09 V                   ; 2.38 V              ; -0.0073 V           ; 0.097 V                              ; 0.018 V                              ; 4.24e-10 s                  ; 3.65e-10 s                  ; No                         ; Yes                        ; 2.32 V                      ; 2.07e-09 V                  ; 2.38 V             ; -0.0073 V          ; 0.097 V                             ; 0.018 V                             ; 4.24e-10 s                 ; 3.65e-10 s                 ; No                        ; Yes                       ;
; user_rx_data[4] ; 2.5 V        ; 0 s                 ; 0 s                 ; 2.32 V                       ; 2.8e-09 V                    ; 2.37 V              ; -0.00373 V          ; 0.104 V                              ; 0.011 V                              ; 4.34e-10 s                  ; 3.82e-10 s                  ; Yes                        ; Yes                        ; 2.32 V                      ; 2.8e-09 V                   ; 2.37 V             ; -0.00373 V         ; 0.104 V                             ; 0.011 V                             ; 4.34e-10 s                 ; 3.82e-10 s                 ; Yes                       ; Yes                       ;
; user_rx_data[5] ; 2.5 V        ; 0 s                 ; 0 s                 ; 2.32 V                       ; 2.8e-09 V                    ; 2.37 V              ; -0.00373 V          ; 0.104 V                              ; 0.011 V                              ; 4.34e-10 s                  ; 3.82e-10 s                  ; Yes                        ; Yes                        ; 2.32 V                      ; 2.8e-09 V                   ; 2.37 V             ; -0.00373 V         ; 0.104 V                             ; 0.011 V                             ; 4.34e-10 s                 ; 3.82e-10 s                 ; Yes                       ; Yes                       ;
; user_rx_data[6] ; 2.5 V        ; 0 s                 ; 0 s                 ; 2.32 V                       ; 2.8e-09 V                    ; 2.37 V              ; -0.00373 V          ; 0.104 V                              ; 0.011 V                              ; 4.34e-10 s                  ; 3.82e-10 s                  ; Yes                        ; Yes                        ; 2.32 V                      ; 2.8e-09 V                   ; 2.37 V             ; -0.00373 V         ; 0.104 V                             ; 0.011 V                             ; 4.34e-10 s                 ; 3.82e-10 s                 ; Yes                       ; Yes                       ;
; user_rx_data[7] ; 2.5 V        ; 0 s                 ; 0 s                 ; 2.32 V                       ; 2.8e-09 V                    ; 2.37 V              ; -0.00373 V          ; 0.104 V                              ; 0.011 V                              ; 4.34e-10 s                  ; 3.82e-10 s                  ; Yes                        ; Yes                        ; 2.32 V                      ; 2.8e-09 V                   ; 2.37 V             ; -0.00373 V         ; 0.104 V                             ; 0.011 V                             ; 4.34e-10 s                 ; 3.82e-10 s                 ; Yes                       ; Yes                       ;
; ~ALTERA_DCLK~   ; 2.5 V        ; 0 s                 ; 0 s                 ; 2.32 V                       ; 1.74e-09 V                   ; 2.37 V              ; -0.0346 V           ; 0.198 V                              ; 0.094 V                              ; 3.14e-10 s                  ; 2.92e-10 s                  ; Yes                        ; Yes                        ; 2.32 V                      ; 1.74e-09 V                  ; 2.37 V             ; -0.0346 V          ; 0.198 V                             ; 0.094 V                             ; 3.14e-10 s                 ; 2.92e-10 s                 ; Yes                       ; Yes                       ;
; ~ALTERA_nCEO~   ; 2.5 V        ; 0 s                 ; 0 s                 ; 2.32 V                       ; 2.57e-09 V                   ; 2.37 V              ; -0.00683 V          ; 0.171 V                              ; 0.018 V                              ; 4.97e-10 s                  ; 6.66e-10 s                  ; Yes                        ; Yes                        ; 2.32 V                      ; 2.57e-09 V                  ; 2.37 V             ; -0.00683 V         ; 0.171 V                             ; 0.018 V                             ; 4.97e-10 s                 ; 6.66e-10 s                 ; Yes                       ; Yes                       ;
+-----------------+--------------+---------------------+---------------------+------------------------------+------------------------------+---------------------+---------------------+--------------------------------------+--------------------------------------+-----------------------------+-----------------------------+----------------------------+----------------------------+-----------------------------+-----------------------------+--------------------+--------------------+-------------------------------------+-------------------------------------+----------------------------+----------------------------+---------------------------+---------------------------+


+----------------------------------------------------------------------------------------------------------------------------------------------------------------------------------------------------------------------------------------------------------------------------------------------------------------------------------------------------------------------------------------------------------------------------------------------------------------------------------------------------------------------------------------------------------------------------------------------------------------------------------------------------------------------------------------------+
; Signal Integrity Metrics (Slow 1200mv 85c Model)                                                                                                                                                                                                                                                                                                                                                                                                                                                                                                                                                                                                                                             ;
+-----------------+--------------+---------------------+---------------------+------------------------------+------------------------------+---------------------+---------------------+--------------------------------------+--------------------------------------+-----------------------------+-----------------------------+----------------------------+----------------------------+-----------------------------+-----------------------------+--------------------+--------------------+-------------------------------------+-------------------------------------+----------------------------+----------------------------+---------------------------+---------------------------+
; Pin             ; I/O Standard ; Board Delay on Rise ; Board Delay on Fall ; Steady State Voh at FPGA Pin ; Steady State Vol at FPGA Pin ; Voh Max at FPGA Pin ; Vol Min at FPGA Pin ; Ringback Voltage on Rise at FPGA Pin ; Ringback Voltage on Fall at FPGA Pin ; 10-90 Rise Time at FPGA Pin ; 90-10 Fall Time at FPGA Pin ; Monotonic Rise at FPGA Pin ; Monotonic Fall at FPGA Pin ; Steady State Voh at Far-end ; Steady State Vol at Far-end ; Voh Max at Far-end ; Vol Min at Far-end ; Ringback Voltage on Rise at Far-end ; Ringback Voltage on Fall at Far-end ; 10-90 Rise Time at Far-end ; 90-10 Fall Time at Far-end ; Monotonic Rise at Far-end ; Monotonic Fall at Far-end ;
+-----------------+--------------+---------------------+---------------------+------------------------------+------------------------------+---------------------+---------------------+--------------------------------------+--------------------------------------+-----------------------------+-----------------------------+----------------------------+----------------------------+-----------------------------+-----------------------------+--------------------+--------------------+-------------------------------------+-------------------------------------+----------------------------+----------------------------+---------------------------+---------------------------+
; uart_tx         ; 2.5 V        ; 0 s                 ; 0 s                 ; 2.32 V                       ; 1.93e-07 V                   ; 2.34 V              ; -0.00869 V          ; 0.14 V                               ; 0.046 V                              ; 6.89e-10 s                  ; 6.56e-10 s                  ; Yes                        ; Yes                        ; 2.32 V                      ; 1.93e-07 V                  ; 2.34 V             ; -0.00869 V         ; 0.14 V                              ; 0.046 V                             ; 6.89e-10 s                 ; 6.56e-10 s                 ; Yes                       ; Yes                       ;
; leds[0]         ; 2.5 V        ; 0 s                 ; 0 s                 ; 2.32 V                       ; 1.93e-07 V                   ; 2.35 V              ; -0.00834 V          ; 0.127 V                              ; 0.035 V                              ; 4.7e-10 s                   ; 4.64e-10 s                  ; Yes                        ; Yes                        ; 2.32 V                      ; 1.93e-07 V                  ; 2.35 V             ; -0.00834 V         ; 0.127 V                             ; 0.035 V                             ; 4.7e-10 s                  ; 4.64e-10 s                 ; Yes                       ; Yes                       ;
; leds[1]         ; 2.5 V        ; 0 s                 ; 0 s                 ; 2.32 V                       ; 1.93e-07 V                   ; 2.35 V              ; -0.00834 V          ; 0.127 V                              ; 0.035 V                              ; 4.7e-10 s                   ; 4.64e-10 s                  ; Yes                        ; Yes                        ; 2.32 V                      ; 1.93e-07 V                  ; 2.35 V             ; -0.00834 V         ; 0.127 V                             ; 0.035 V                             ; 4.7e-10 s                  ; 4.64e-10 s                 ; Yes                       ; Yes                       ;
; leds[2]         ; 2.5 V        ; 0 s                 ; 0 s                 ; 2.32 V                       ; 1.93e-07 V                   ; 2.35 V              ; -0.00834 V          ; 0.127 V                              ; 0.035 V                              ; 4.7e-10 s                   ; 4.64e-10 s                  ; Yes                        ; Yes                        ; 2.32 V                      ; 1.93e-07 V                  ; 2.35 V             ; -0.00834 V         ; 0.127 V                             ; 0.035 V                             ; 4.7e-10 s                  ; 4.64e-10 s                 ; Yes                       ; Yes                       ;
; leds[3]         ; 2.5 V        ; 0 s                 ; 0 s                 ; 2.32 V                       ; 1.93e-07 V                   ; 2.33 V              ; -0.0022 V           ; 0.088 V                              ; 0.056 V                              ; 3.76e-09 s                  ; 3.48e-09 s                  ; Yes                        ; Yes                        ; 2.32 V                      ; 1.93e-07 V                  ; 2.33 V             ; -0.0022 V          ; 0.088 V                             ; 0.056 V                             ; 3.76e-09 s                 ; 3.48e-09 s                 ; Yes                       ; Yes                       ;
; leds[4]         ; 2.5 V        ; 0 s                 ; 0 s                 ; 2.32 V                       ; 1.93e-07 V                   ; 2.34 V              ; -0.00869 V          ; 0.14 V                               ; 0.046 V                              ; 6.89e-10 s                  ; 6.56e-10 s                  ; Yes                        ; Yes                        ; 2.32 V                      ; 1.93e-07 V                  ; 2.34 V             ; -0.00869 V         ; 0.14 V                              ; 0.046 V                             ; 6.89e-10 s                 ; 6.56e-10 s                 ; Yes                       ; Yes                       ;
; rx_fifo_full    ; 2.5 V        ; 0 s                 ; 0 s                 ; 2.32 V                       ; 2.85e-07 V                   ; 2.33 V              ; -0.00229 V          ; 0.111 V                              ; 0.057 V                              ; 3.78e-09 s                  ; 3.5e-09 s                   ; Yes                        ; Yes                        ; 2.32 V                      ; 2.85e-07 V                  ; 2.33 V             ; -0.00229 V         ; 0.111 V                             ; 0.057 V                             ; 3.78e-09 s                 ; 3.5e-09 s                  ; Yes                       ; Yes                       ;
; rx_fifo_empty   ; 2.5 V        ; 0 s                 ; 0 s                 ; 2.32 V                       ; 2.85e-07 V                   ; 2.35 V              ; -0.0123 V           ; 0.144 V                              ; 0.042 V                              ; 4.81e-10 s                  ; 4.81e-10 s                  ; Yes                        ; Yes                        ; 2.32 V                      ; 2.85e-07 V                  ; 2.35 V             ; -0.0123 V          ; 0.144 V                             ; 0.042 V                             ; 4.81e-10 s                 ; 4.81e-10 s                 ; Yes                       ; Yes                       ;
; tx_fifo_full    ; 2.5 V        ; 0 s                 ; 0 s                 ; 2.32 V                       ; 2.85e-07 V                   ; 2.35 V              ; -0.0123 V           ; 0.144 V                              ; 0.042 V                              ; 4.81e-10 s                  ; 4.81e-10 s                  ; Yes                        ; Yes                        ; 2.32 V                      ; 2.85e-07 V                  ; 2.35 V             ; -0.0123 V          ; 0.144 V                             ; 0.042 V                             ; 4.81e-10 s                 ; 4.81e-10 s                 ; Yes                       ; Yes                       ;
; tx_fifo_empty   ; 2.5 V        ; 0 s                 ; 0 s                 ; 2.32 V                       ; 2.85e-07 V                   ; 2.33 V              ; -0.00229 V          ; 0.111 V                              ; 0.057 V                              ; 3.78e-09 s                  ; 3.5e-09 s                   ; Yes                        ; Yes                        ; 2.32 V                      ; 2.85e-07 V                  ; 2.33 V             ; -0.00229 V         ; 0.111 V                             ; 0.057 V                             ; 3.78e-09 s                 ; 3.5e-09 s                  ; Yes                       ; Yes                       ;
; user_rx_data[0] ; 2.5 V        ; 0 s                 ; 0 s                 ; 2.32 V                       ; 2.85e-07 V                   ; 2.35 V              ; -0.0123 V           ; 0.144 V                              ; 0.042 V                              ; 4.81e-10 s                  ; 4.81e-10 s                  ; Yes                        ; Yes                        ; 2.32 V                      ; 2.85e-07 V                  ; 2.35 V             ; -0.0123 V          ; 0.144 V                             ; 0.042 V                             ; 4.81e-10 s                 ; 4.81e-10 s                 ; Yes                       ; Yes                       ;
; user_rx_data[1] ; 2.5 V        ; 0 s                 ; 0 s                 ; 2.32 V                       ; 2.85e-07 V                   ; 2.35 V              ; -0.0123 V           ; 0.144 V                              ; 0.042 V                              ; 4.81e-10 s                  ; 4.81e-10 s                  ; Yes                        ; Yes                        ; 2.32 V                      ; 2.85e-07 V                  ; 2.35 V             ; -0.0123 V          ; 0.144 V                             ; 0.042 V                             ; 4.81e-10 s                 ; 4.81e-10 s                 ; Yes                       ; Yes                       ;
; user_rx_data[2] ; 2.5 V        ; 0 s                 ; 0 s                 ; 2.32 V                       ; 2.85e-07 V                   ; 2.35 V              ; -0.0123 V           ; 0.144 V                              ; 0.042 V                              ; 4.81e-10 s                  ; 4.81e-10 s                  ; Yes                        ; Yes                        ; 2.32 V                      ; 2.85e-07 V                  ; 2.35 V             ; -0.0123 V          ; 0.144 V                             ; 0.042 V                             ; 4.81e-10 s                 ; 4.81e-10 s                 ; Yes                       ; Yes                       ;
; user_rx_data[3] ; 2.5 V        ; 0 s                 ; 0 s                 ; 2.32 V                       ; 1.93e-07 V                   ; 2.35 V              ; -0.00834 V          ; 0.127 V                              ; 0.035 V                              ; 4.7e-10 s                   ; 4.64e-10 s                  ; Yes                        ; Yes                        ; 2.32 V                      ; 1.93e-07 V                  ; 2.35 V             ; -0.00834 V         ; 0.127 V                             ; 0.035 V                             ; 4.7e-10 s                  ; 4.64e-10 s                 ; Yes                       ; Yes                       ;
; user_rx_data[4] ; 2.5 V        ; 0 s                 ; 0 s                 ; 2.32 V                       ; 2.85e-07 V                   ; 2.35 V              ; -0.0123 V           ; 0.144 V                              ; 0.042 V                              ; 4.81e-10 s                  ; 4.81e-10 s                  ; Yes                        ; Yes                        ; 2.32 V                      ; 2.85e-07 V                  ; 2.35 V             ; -0.0123 V          ; 0.144 V                             ; 0.042 V                             ; 4.81e-10 s                 ; 4.81e-10 s                 ; Yes                       ; Yes                       ;
; user_rx_data[5] ; 2.5 V        ; 0 s                 ; 0 s                 ; 2.32 V                       ; 2.85e-07 V                   ; 2.35 V              ; -0.0123 V           ; 0.144 V                              ; 0.042 V                              ; 4.81e-10 s                  ; 4.81e-10 s                  ; Yes                        ; Yes                        ; 2.32 V                      ; 2.85e-07 V                  ; 2.35 V             ; -0.0123 V          ; 0.144 V                             ; 0.042 V                             ; 4.81e-10 s                 ; 4.81e-10 s                 ; Yes                       ; Yes                       ;
; user_rx_data[6] ; 2.5 V        ; 0 s                 ; 0 s                 ; 2.32 V                       ; 2.85e-07 V                   ; 2.35 V              ; -0.0123 V           ; 0.144 V                              ; 0.042 V                              ; 4.81e-10 s                  ; 4.81e-10 s                  ; Yes                        ; Yes                        ; 2.32 V                      ; 2.85e-07 V                  ; 2.35 V             ; -0.0123 V          ; 0.144 V                             ; 0.042 V                             ; 4.81e-10 s                 ; 4.81e-10 s                 ; Yes                       ; Yes                       ;
; user_rx_data[7] ; 2.5 V        ; 0 s                 ; 0 s                 ; 2.32 V                       ; 2.85e-07 V                   ; 2.35 V              ; -0.0123 V           ; 0.144 V                              ; 0.042 V                              ; 4.81e-10 s                  ; 4.81e-10 s                  ; Yes                        ; Yes                        ; 2.32 V                      ; 2.85e-07 V                  ; 2.35 V             ; -0.0123 V          ; 0.144 V                             ; 0.042 V                             ; 4.81e-10 s                 ; 4.81e-10 s                 ; Yes                       ; Yes                       ;
; ~ALTERA_DCLK~   ; 2.5 V        ; 0 s                 ; 0 s                 ; 2.32 V                       ; 1.55e-07 V                   ; 2.35 V              ; -0.00221 V          ; 0.097 V                              ; 0.005 V                              ; 4.49e-10 s                  ; 3.85e-10 s                  ; Yes                        ; Yes                        ; 2.32 V                      ; 1.55e-07 V                  ; 2.35 V             ; -0.00221 V         ; 0.097 V                             ; 0.005 V                             ; 4.49e-10 s                 ; 3.85e-10 s                 ; Yes                       ; Yes                       ;
; ~ALTERA_nCEO~   ; 2.5 V        ; 0 s                 ; 0 s                 ; 2.32 V                       ; 2.54e-07 V                   ; 2.34 V              ; -0.00774 V          ; 0.109 V                              ; 0.026 V                              ; 6.58e-10 s                  ; 8.24e-10 s                  ; Yes                        ; Yes                        ; 2.32 V                      ; 2.54e-07 V                  ; 2.34 V             ; -0.00774 V         ; 0.109 V                             ; 0.026 V                             ; 6.58e-10 s                 ; 8.24e-10 s                 ; Yes                       ; Yes                       ;
+-----------------+--------------+---------------------+---------------------+------------------------------+------------------------------+---------------------+---------------------+--------------------------------------+--------------------------------------+-----------------------------+-----------------------------+----------------------------+----------------------------+-----------------------------+-----------------------------+--------------------+--------------------+-------------------------------------+-------------------------------------+----------------------------+----------------------------+---------------------------+---------------------------+


+----------------------------------------------------------------------------------------------------------------------------------------------------------------------------------------------------------------------------------------------------------------------------------------------------------------------------------------------------------------------------------------------------------------------------------------------------------------------------------------------------------------------------------------------------------------------------------------------------------------------------------------------------------------------------------------------+
; Signal Integrity Metrics (Fast 1200mv 0c Model)                                                                                                                                                                                                                                                                                                                                                                                                                                                                                                                                                                                                                                              ;
+-----------------+--------------+---------------------+---------------------+------------------------------+------------------------------+---------------------+---------------------+--------------------------------------+--------------------------------------+-----------------------------+-----------------------------+----------------------------+----------------------------+-----------------------------+-----------------------------+--------------------+--------------------+-------------------------------------+-------------------------------------+----------------------------+----------------------------+---------------------------+---------------------------+
; Pin             ; I/O Standard ; Board Delay on Rise ; Board Delay on Fall ; Steady State Voh at FPGA Pin ; Steady State Vol at FPGA Pin ; Voh Max at FPGA Pin ; Vol Min at FPGA Pin ; Ringback Voltage on Rise at FPGA Pin ; Ringback Voltage on Fall at FPGA Pin ; 10-90 Rise Time at FPGA Pin ; 90-10 Fall Time at FPGA Pin ; Monotonic Rise at FPGA Pin ; Monotonic Fall at FPGA Pin ; Steady State Voh at Far-end ; Steady State Vol at Far-end ; Voh Max at Far-end ; Vol Min at Far-end ; Ringback Voltage on Rise at Far-end ; Ringback Voltage on Fall at Far-end ; 10-90 Rise Time at Far-end ; 90-10 Fall Time at Far-end ; Monotonic Rise at Far-end ; Monotonic Fall at Far-end ;
+-----------------+--------------+---------------------+---------------------+------------------------------+------------------------------+---------------------+---------------------+--------------------------------------+--------------------------------------+-----------------------------+-----------------------------+----------------------------+----------------------------+-----------------------------+-----------------------------+--------------------+--------------------+-------------------------------------+-------------------------------------+----------------------------+----------------------------+---------------------------+---------------------------+
; uart_tx         ; 2.5 V        ; 0 s                 ; 0 s                 ; 2.62 V                       ; 2.74e-08 V                   ; 2.71 V              ; -0.0317 V           ; 0.148 V                              ; 0.064 V                              ; 4.51e-10 s                  ; 4.15e-10 s                  ; No                         ; Yes                        ; 2.62 V                      ; 2.74e-08 V                  ; 2.71 V             ; -0.0317 V          ; 0.148 V                             ; 0.064 V                             ; 4.51e-10 s                 ; 4.15e-10 s                 ; No                        ; Yes                       ;
; leds[0]         ; 2.5 V        ; 0 s                 ; 0 s                 ; 2.62 V                       ; 2.74e-08 V                   ; 2.73 V              ; -0.0384 V           ; 0.169 V                              ; 0.089 V                              ; 2.7e-10 s                   ; 2.62e-10 s                  ; Yes                        ; Yes                        ; 2.62 V                      ; 2.74e-08 V                  ; 2.73 V             ; -0.0384 V          ; 0.169 V                             ; 0.089 V                             ; 2.7e-10 s                  ; 2.62e-10 s                 ; Yes                       ; Yes                       ;
; leds[1]         ; 2.5 V        ; 0 s                 ; 0 s                 ; 2.62 V                       ; 2.74e-08 V                   ; 2.73 V              ; -0.0384 V           ; 0.169 V                              ; 0.089 V                              ; 2.7e-10 s                   ; 2.62e-10 s                  ; Yes                        ; Yes                        ; 2.62 V                      ; 2.74e-08 V                  ; 2.73 V             ; -0.0384 V          ; 0.169 V                             ; 0.089 V                             ; 2.7e-10 s                  ; 2.62e-10 s                 ; Yes                       ; Yes                       ;
; leds[2]         ; 2.5 V        ; 0 s                 ; 0 s                 ; 2.62 V                       ; 2.74e-08 V                   ; 2.73 V              ; -0.0384 V           ; 0.169 V                              ; 0.089 V                              ; 2.7e-10 s                   ; 2.62e-10 s                  ; Yes                        ; Yes                        ; 2.62 V                      ; 2.74e-08 V                  ; 2.73 V             ; -0.0384 V          ; 0.169 V                             ; 0.089 V                             ; 2.7e-10 s                  ; 2.62e-10 s                 ; Yes                       ; Yes                       ;
; leds[3]         ; 2.5 V        ; 0 s                 ; 0 s                 ; 2.62 V                       ; 2.74e-08 V                   ; 2.64 V              ; -0.0117 V           ; 0.202 V                              ; 0.176 V                              ; 2.38e-09 s                  ; 2.22e-09 s                  ; No                         ; Yes                        ; 2.62 V                      ; 2.74e-08 V                  ; 2.64 V             ; -0.0117 V          ; 0.202 V                             ; 0.176 V                             ; 2.38e-09 s                 ; 2.22e-09 s                 ; No                        ; Yes                       ;
; leds[4]         ; 2.5 V        ; 0 s                 ; 0 s                 ; 2.62 V                       ; 2.74e-08 V                   ; 2.71 V              ; -0.0317 V           ; 0.148 V                              ; 0.064 V                              ; 4.51e-10 s                  ; 4.15e-10 s                  ; No                         ; Yes                        ; 2.62 V                      ; 2.74e-08 V                  ; 2.71 V             ; -0.0317 V          ; 0.148 V                             ; 0.064 V                             ; 4.51e-10 s                 ; 4.15e-10 s                 ; No                        ; Yes                       ;
; rx_fifo_full    ; 2.5 V        ; 0 s                 ; 0 s                 ; 2.62 V                       ; 4.05e-08 V                   ; 2.64 V              ; -0.0113 V           ; 0.208 V                              ; 0.179 V                              ; 2.38e-09 s                  ; 2.23e-09 s                  ; No                         ; Yes                        ; 2.62 V                      ; 4.05e-08 V                  ; 2.64 V             ; -0.0113 V          ; 0.208 V                             ; 0.179 V                             ; 2.38e-09 s                 ; 2.23e-09 s                 ; No                        ; Yes                       ;
; rx_fifo_empty   ; 2.5 V        ; 0 s                 ; 0 s                 ; 2.62 V                       ; 4.05e-08 V                   ; 2.72 V              ; -0.0349 V           ; 0.173 V                              ; 0.1 V                                ; 2.72e-10 s                  ; 2.69e-10 s                  ; Yes                        ; Yes                        ; 2.62 V                      ; 4.05e-08 V                  ; 2.72 V             ; -0.0349 V          ; 0.173 V                             ; 0.1 V                               ; 2.72e-10 s                 ; 2.69e-10 s                 ; Yes                       ; Yes                       ;
; tx_fifo_full    ; 2.5 V        ; 0 s                 ; 0 s                 ; 2.62 V                       ; 4.05e-08 V                   ; 2.72 V              ; -0.0349 V           ; 0.173 V                              ; 0.1 V                                ; 2.72e-10 s                  ; 2.69e-10 s                  ; Yes                        ; Yes                        ; 2.62 V                      ; 4.05e-08 V                  ; 2.72 V             ; -0.0349 V          ; 0.173 V                             ; 0.1 V                               ; 2.72e-10 s                 ; 2.69e-10 s                 ; Yes                       ; Yes                       ;
; tx_fifo_empty   ; 2.5 V        ; 0 s                 ; 0 s                 ; 2.62 V                       ; 4.05e-08 V                   ; 2.64 V              ; -0.0113 V           ; 0.208 V                              ; 0.179 V                              ; 2.38e-09 s                  ; 2.23e-09 s                  ; No                         ; Yes                        ; 2.62 V                      ; 4.05e-08 V                  ; 2.64 V             ; -0.0113 V          ; 0.208 V                             ; 0.179 V                             ; 2.38e-09 s                 ; 2.23e-09 s                 ; No                        ; Yes                       ;
; user_rx_data[0] ; 2.5 V        ; 0 s                 ; 0 s                 ; 2.62 V                       ; 4.05e-08 V                   ; 2.72 V              ; -0.0349 V           ; 0.173 V                              ; 0.1 V                                ; 2.72e-10 s                  ; 2.69e-10 s                  ; Yes                        ; Yes                        ; 2.62 V                      ; 4.05e-08 V                  ; 2.72 V             ; -0.0349 V          ; 0.173 V                             ; 0.1 V                               ; 2.72e-10 s                 ; 2.69e-10 s                 ; Yes                       ; Yes                       ;
; user_rx_data[1] ; 2.5 V        ; 0 s                 ; 0 s                 ; 2.62 V                       ; 4.05e-08 V                   ; 2.72 V              ; -0.0349 V           ; 0.173 V                              ; 0.1 V                                ; 2.72e-10 s                  ; 2.69e-10 s                  ; Yes                        ; Yes                        ; 2.62 V                      ; 4.05e-08 V                  ; 2.72 V             ; -0.0349 V          ; 0.173 V                             ; 0.1 V                               ; 2.72e-10 s                 ; 2.69e-10 s                 ; Yes                       ; Yes                       ;
; user_rx_data[2] ; 2.5 V        ; 0 s                 ; 0 s                 ; 2.62 V                       ; 4.05e-08 V                   ; 2.72 V              ; -0.0349 V           ; 0.173 V                              ; 0.1 V                                ; 2.72e-10 s                  ; 2.69e-10 s                  ; Yes                        ; Yes                        ; 2.62 V                      ; 4.05e-08 V                  ; 2.72 V             ; -0.0349 V          ; 0.173 V                             ; 0.1 V                               ; 2.72e-10 s                 ; 2.69e-10 s                 ; Yes                       ; Yes                       ;
; user_rx_data[3] ; 2.5 V        ; 0 s                 ; 0 s                 ; 2.62 V                       ; 2.74e-08 V                   ; 2.73 V              ; -0.0384 V           ; 0.169 V                              ; 0.089 V                              ; 2.7e-10 s                   ; 2.62e-10 s                  ; Yes                        ; Yes                        ; 2.62 V                      ; 2.74e-08 V                  ; 2.73 V             ; -0.0384 V          ; 0.169 V                             ; 0.089 V                             ; 2.7e-10 s                  ; 2.62e-10 s                 ; Yes                       ; Yes                       ;
; user_rx_data[4] ; 2.5 V        ; 0 s                 ; 0 s                 ; 2.62 V                       ; 4.05e-08 V                   ; 2.72 V              ; -0.0349 V           ; 0.173 V                              ; 0.1 V                                ; 2.72e-10 s                  ; 2.69e-10 s                  ; Yes                        ; Yes                        ; 2.62 V                      ; 4.05e-08 V                  ; 2.72 V             ; -0.0349 V          ; 0.173 V                             ; 0.1 V                               ; 2.72e-10 s                 ; 2.69e-10 s                 ; Yes                       ; Yes                       ;
; user_rx_data[5] ; 2.5 V        ; 0 s                 ; 0 s                 ; 2.62 V                       ; 4.05e-08 V                   ; 2.72 V              ; -0.0349 V           ; 0.173 V                              ; 0.1 V                                ; 2.72e-10 s                  ; 2.69e-10 s                  ; Yes                        ; Yes                        ; 2.62 V                      ; 4.05e-08 V                  ; 2.72 V             ; -0.0349 V          ; 0.173 V                             ; 0.1 V                               ; 2.72e-10 s                 ; 2.69e-10 s                 ; Yes                       ; Yes                       ;
; user_rx_data[6] ; 2.5 V        ; 0 s                 ; 0 s                 ; 2.62 V                       ; 4.05e-08 V                   ; 2.72 V              ; -0.0349 V           ; 0.173 V                              ; 0.1 V                                ; 2.72e-10 s                  ; 2.69e-10 s                  ; Yes                        ; Yes                        ; 2.62 V                      ; 4.05e-08 V                  ; 2.72 V             ; -0.0349 V          ; 0.173 V                             ; 0.1 V                               ; 2.72e-10 s                 ; 2.69e-10 s                 ; Yes                       ; Yes                       ;
; user_rx_data[7] ; 2.5 V        ; 0 s                 ; 0 s                 ; 2.62 V                       ; 4.05e-08 V                   ; 2.72 V              ; -0.0349 V           ; 0.173 V                              ; 0.1 V                                ; 2.72e-10 s                  ; 2.69e-10 s                  ; Yes                        ; Yes                        ; 2.62 V                      ; 4.05e-08 V                  ; 2.72 V             ; -0.0349 V          ; 0.173 V                             ; 0.1 V                               ; 2.72e-10 s                 ; 2.69e-10 s                 ; Yes                       ; Yes                       ;
; ~ALTERA_DCLK~   ; 2.5 V        ; 0 s                 ; 0 s                 ; 2.62 V                       ; 2.22e-08 V                   ; 2.74 V              ; -0.06 V             ; 0.158 V                              ; 0.08 V                               ; 2.68e-10 s                  ; 2.19e-10 s                  ; Yes                        ; Yes                        ; 2.62 V                      ; 2.22e-08 V                  ; 2.74 V             ; -0.06 V            ; 0.158 V                             ; 0.08 V                              ; 2.68e-10 s                 ; 2.19e-10 s                 ; Yes                       ; Yes                       ;
; ~ALTERA_nCEO~   ; 2.5 V        ; 0 s                 ; 0 s                 ; 2.62 V                       ; 3.54e-08 V                   ; 2.7 V               ; -0.00943 V          ; 0.276 V                              ; 0.035 V                              ; 3.19e-10 s                  ; 4.99e-10 s                  ; No                         ; Yes                        ; 2.62 V                      ; 3.54e-08 V                  ; 2.7 V              ; -0.00943 V         ; 0.276 V                             ; 0.035 V                             ; 3.19e-10 s                 ; 4.99e-10 s                 ; No                        ; Yes                       ;
+-----------------+--------------+---------------------+---------------------+------------------------------+------------------------------+---------------------+---------------------+--------------------------------------+--------------------------------------+-----------------------------+-----------------------------+----------------------------+----------------------------+-----------------------------+-----------------------------+--------------------+--------------------+-------------------------------------+-------------------------------------+----------------------------+----------------------------+---------------------------+---------------------------+


+-------------------------------------------------------------------+
; Setup Transfers                                                   ;
+------------+----------+----------+----------+----------+----------+
; From Clock ; To Clock ; RR Paths ; FR Paths ; RF Paths ; FF Paths ;
+------------+----------+----------+----------+----------+----------+
; clk        ; clk      ; 3092     ; 0        ; 0        ; 0        ;
+------------+----------+----------+----------+----------+----------+
Entries labeled "false path" only account for clock-to-clock false paths and not path-based false paths. As a result, actual path counts may be lower than reported.


+-------------------------------------------------------------------+
; Hold Transfers                                                    ;
+------------+----------+----------+----------+----------+----------+
; From Clock ; To Clock ; RR Paths ; FR Paths ; RF Paths ; FF Paths ;
+------------+----------+----------+----------+----------+----------+
; clk        ; clk      ; 3092     ; 0        ; 0        ; 0        ;
+------------+----------+----------+----------+----------+----------+
Entries labeled "false path" only account for clock-to-clock false paths and not path-based false paths. As a result, actual path counts may be lower than reported.


---------------
; Report TCCS ;
---------------
No dedicated SERDES Transmitter circuitry present in device or used in design


---------------
; Report RSKM ;
---------------
No non-DPA dedicated SERDES Receiver circuitry present in device or used in design


+------------------------------------------------+
; Unconstrained Paths Summary                    ;
+---------------------------------+-------+------+
; Property                        ; Setup ; Hold ;
+---------------------------------+-------+------+
; Illegal Clocks                  ; 0     ; 0    ;
; Unconstrained Clocks            ; 0     ; 0    ;
; Unconstrained Input Ports       ; 11    ; 11   ;
; Unconstrained Input Port Paths  ; 186   ; 186  ;
; Unconstrained Output Ports      ; 18    ; 18   ;
; Unconstrained Output Port Paths ; 236   ; 236  ;
+---------------------------------+-------+------+


+-------------------------------------+
; Clock Status Summary                ;
+--------+-------+------+-------------+
; Target ; Clock ; Type ; Status      ;
+--------+-------+------+-------------+
; clk    ; clk   ; Base ; Constrained ;
+--------+-------+------+-------------+


+--------------------------------------------------------------------------------------------------------+
; Unconstrained Input Ports                                                                              ;
+-----------------+--------------------------------------------------------------------------------------+
; Input Port      ; Comment                                                                              ;
+-----------------+--------------------------------------------------------------------------------------+
; rst_n           ; No input delay, min/max delays, false-path exceptions, or max skew assignments found ;
; user_rd_en      ; No input delay, min/max delays, false-path exceptions, or max skew assignments found ;
; user_tx_data[0] ; No input delay, min/max delays, false-path exceptions, or max skew assignments found ;
; user_tx_data[1] ; No input delay, min/max delays, false-path exceptions, or max skew assignments found ;
; user_tx_data[2] ; No input delay, min/max delays, false-path exceptions, or max skew assignments found ;
; user_tx_data[3] ; No input delay, min/max delays, false-path exceptions, or max skew assignments found ;
; user_tx_data[4] ; No input delay, min/max delays, false-path exceptions, or max skew assignments found ;
; user_tx_data[5] ; No input delay, min/max delays, false-path exceptions, or max skew assignments found ;
; user_tx_data[6] ; No input delay, min/max delays, false-path exceptions, or max skew assignments found ;
; user_tx_data[7] ; No input delay, min/max delays, false-path exceptions, or max skew assignments found ;
; user_wr_en      ; No input delay, min/max delays, false-path exceptions, or max skew assignments found ;
+-----------------+--------------------------------------------------------------------------------------+


+---------------------------------------------------------------------------------------------------------+
; Unconstrained Output Ports                                                                              ;
+-----------------+---------------------------------------------------------------------------------------+
; Output Port     ; Comment                                                                               ;
+-----------------+---------------------------------------------------------------------------------------+
; leds[0]         ; No output delay, min/max delays, false-path exceptions, or max skew assignments found ;
; leds[1]         ; No output delay, min/max delays, false-path exceptions, or max skew assignments found ;
; leds[2]         ; No output delay, min/max delays, false-path exceptions, or max skew assignments found ;
; leds[3]         ; No output delay, min/max delays, false-path exceptions, or max skew assignments found ;
; leds[4]         ; No output delay, min/max delays, false-path exceptions, or max skew assignments found ;
; rx_fifo_empty   ; No output delay, min/max delays, false-path exceptions, or max skew assignments found ;
; rx_fifo_full    ; No output delay, min/max delays, false-path exceptions, or max skew assignments found ;
; tx_fifo_empty   ; No output delay, min/max delays, false-path exceptions, or max skew assignments found ;
; tx_fifo_full    ; No output delay, min/max delays, false-path exceptions, or max skew assignments found ;
; uart_tx         ; No output delay, min/max delays, false-path exceptions, or max skew assignments found ;
; user_rx_data[0] ; No output delay, min/max delays, false-path exceptions, or max skew assignments found ;
; user_rx_data[1] ; No output delay, min/max delays, false-path exceptions, or max skew assignments found ;
; user_rx_data[2] ; No output delay, min/max delays, false-path exceptions, or max skew assignments found ;
; user_rx_data[3] ; No output delay, min/max delays, false-path exceptions, or max skew assignments found ;
; user_rx_data[4] ; No output delay, min/max delays, false-path exceptions, or max skew assignments found ;
; user_rx_data[5] ; No output delay, min/max delays, false-path exceptions, or max skew assignments found ;
; user_rx_data[6] ; No output delay, min/max delays, false-path exceptions, or max skew assignments found ;
; user_rx_data[7] ; No output delay, min/max delays, false-path exceptions, or max skew assignments found ;
+-----------------+---------------------------------------------------------------------------------------+


+--------------------------------------------------------------------------------------------------------+
; Unconstrained Input Ports                                                                              ;
+-----------------+--------------------------------------------------------------------------------------+
; Input Port      ; Comment                                                                              ;
+-----------------+--------------------------------------------------------------------------------------+
; rst_n           ; No input delay, min/max delays, false-path exceptions, or max skew assignments found ;
; user_rd_en      ; No input delay, min/max delays, false-path exceptions, or max skew assignments found ;
; user_tx_data[0] ; No input delay, min/max delays, false-path exceptions, or max skew assignments found ;
; user_tx_data[1] ; No input delay, min/max delays, false-path exceptions, or max skew assignments found ;
; user_tx_data[2] ; No input delay, min/max delays, false-path exceptions, or max skew assignments found ;
; user_tx_data[3] ; No input delay, min/max delays, false-path exceptions, or max skew assignments found ;
; user_tx_data[4] ; No input delay, min/max delays, false-path exceptions, or max skew assignments found ;
; user_tx_data[5] ; No input delay, min/max delays, false-path exceptions, or max skew assignments found ;
; user_tx_data[6] ; No input delay, min/max delays, false-path exceptions, or max skew assignments found ;
; user_tx_data[7] ; No input delay, min/max delays, false-path exceptions, or max skew assignments found ;
; user_wr_en      ; No input delay, min/max delays, false-path exceptions, or max skew assignments found ;
+-----------------+--------------------------------------------------------------------------------------+


+---------------------------------------------------------------------------------------------------------+
; Unconstrained Output Ports                                                                              ;
+-----------------+---------------------------------------------------------------------------------------+
; Output Port     ; Comment                                                                               ;
+-----------------+---------------------------------------------------------------------------------------+
; leds[0]         ; No output delay, min/max delays, false-path exceptions, or max skew assignments found ;
; leds[1]         ; No output delay, min/max delays, false-path exceptions, or max skew assignments found ;
; leds[2]         ; No output delay, min/max delays, false-path exceptions, or max skew assignments found ;
; leds[3]         ; No output delay, min/max delays, false-path exceptions, or max skew assignments found ;
; leds[4]         ; No output delay, min/max delays, false-path exceptions, or max skew assignments found ;
; rx_fifo_empty   ; No output delay, min/max delays, false-path exceptions, or max skew assignments found ;
; rx_fifo_full    ; No output delay, min/max delays, false-path exceptions, or max skew assignments found ;
; tx_fifo_empty   ; No output delay, min/max delays, false-path exceptions, or max skew assignments found ;
; tx_fifo_full    ; No output delay, min/max delays, false-path exceptions, or max skew assignments found ;
; uart_tx         ; No output delay, min/max delays, false-path exceptions, or max skew assignments found ;
; user_rx_data[0] ; No output delay, min/max delays, false-path exceptions, or max skew assignments found ;
; user_rx_data[1] ; No output delay, min/max delays, false-path exceptions, or max skew assignments found ;
; user_rx_data[2] ; No output delay, min/max delays, false-path exceptions, or max skew assignments found ;
; user_rx_data[3] ; No output delay, min/max delays, false-path exceptions, or max skew assignments found ;
; user_rx_data[4] ; No output delay, min/max delays, false-path exceptions, or max skew assignments found ;
; user_rx_data[5] ; No output delay, min/max delays, false-path exceptions, or max skew assignments found ;
; user_rx_data[6] ; No output delay, min/max delays, false-path exceptions, or max skew assignments found ;
; user_rx_data[7] ; No output delay, min/max delays, false-path exceptions, or max skew assignments found ;
+-----------------+---------------------------------------------------------------------------------------+


+--------------------------+
; Timing Analyzer Messages ;
+--------------------------+
Info: *******************************************************************
Info: Running Quartus Prime Timing Analyzer
    Info: Version 18.1.0 Build 625 09/12/2018 SJ Lite Edition
    Info: Processing started: Sun Mar 29 19:19:40 2026
Info: Command: quartus_sta uart -c uart
Info: qsta_default_script.tcl version: #1
Warning (18236): Number of processors has not been specified which may cause overloading on shared machines.  Set the global assignment NUM_PARALLEL_PROCESSORS in your QSF to an appropriate value for best performance.
Info (20029): Only one processor detected - disabling parallel compilation
Info (21077): Low junction temperature is 0 degrees C
Info (21077): High junction temperature is 85 degrees C
Critical Warning (332012): Synopsys Design Constraints File file not found: 'uart.sdc'. A Synopsys Design Constraints File is required by the Timing Analyzer to get proper timing constraints. Without it, the Compiler will not properly optimize the design.
Info (332142): No user constrained base clocks found in the design. Calling "derive_clocks -period 1.0"
Info (332105): Deriving Clocks
    Info (332105): create_clock -period 1.000 -name clk clk
Info (332143): No user constrained clock uncertainty found in the design. Calling "derive_clock_uncertainty"
Info (332123): Deriving Clock Uncertainty. Please refer to report_sdc in the Timing Analyzer to see clock uncertainties.
Info: Found TIMING_ANALYZER_REPORT_SCRIPT_INCLUDE_DEFAULT_ANALYSIS = ON
Info: Analyzing Slow 1200mV 85C Model
Critical Warning (332148): Timing requirements not met
    Info (11105): For recommendations on closing timing, run Report Timing Closure Recommendations in the Timing Analyzer.
Info (332146): Worst-case setup slack is -6.491
    Info (332119):     Slack       End Point TNS Clock 
    Info (332119): ========= =================== =====================
    Info (332119):    -6.491            -477.038 clk 
Info (332146): Worst-case hold slack is 0.432
    Info (332119):     Slack       End Point TNS Clock 
    Info (332119): ========= =================== =====================
    Info (332119):     0.432               0.000 clk 
Info (332140): No Recovery paths to report
Info (332140): No Removal paths to report
Info (332146): Worst-case minimum pulse width slack is -3.201
    Info (332119):     Slack       End Point TNS Clock 
    Info (332119): ========= =================== =====================
    Info (332119):    -3.201            -293.294 clk 
Info: Analyzing Slow 1200mV 0C Model
Info (334003): Started post-fitting delay annotation
Info (334004): Delay annotation completed successfully
Info (332123): Deriving Clock Uncertainty. Please refer to report_sdc in the Timing Analyzer to see clock uncertainties.
Critical Warning (332148): Timing requirements not met
    Info (11105): For recommendations on closing timing, run Report Timing Closure Recommendations in the Timing Analyzer.
Info (332146): Worst-case setup slack is -5.968
    Info (332119):     Slack       End Point TNS Clock 
    Info (332119): ========= =================== =====================
    Info (332119):    -5.968            -430.483 clk 
Info (332146): Worst-case hold slack is 0.381
    Info (332119):     Slack       End Point TNS Clock 
    Info (332119): ========= =================== =====================
    Info (332119):     0.381               0.000 clk 
Info (332140): No Recovery paths to report
Info (332140): No Removal paths to report
Info (332146): Worst-case minimum pulse width slack is -3.201
    Info (332119):     Slack       End Point TNS Clock 
    Info (332119): ========= =================== =====================
    Info (332119):    -3.201            -293.294 clk 
Info: Analyzing Fast 1200mV 0C Model
Info (332123): Deriving Clock Uncertainty. Please refer to report_sdc in the Timing Analyzer to see clock uncertainties.
Critical Warning (332148): Timing requirements not met
    Info (11105): For recommendations on closing timing, run Report Timing Closure Recommendations in the Timing Analyzer.
Info (332146): Worst-case setup slack is -2.031
    Info (332119):     Slack       End Point TNS Clock 
    Info (332119): ========= =================== =====================
    Info (332119):    -2.031            -111.171 clk 
Info (332146): Worst-case hold slack is 0.171
    Info (332119):     Slack       End Point TNS Clock 
    Info (332119): ========= =================== =====================
    Info (332119):     0.171               0.000 clk 
Info (332140): No Recovery paths to report
Info (332140): No Removal paths to report
Info (332146): Worst-case minimum pulse width slack is -3.000
    Info (332119):     Slack       End Point TNS Clock 
    Info (332119): ========= =================== =====================
    Info (332119):    -3.000            -201.709 clk 
Info (332102): Design is not fully constrained for setup requirements
Info (332102): Design is not fully constrained for hold requirements
Info: Quartus Prime Timing Analyzer was successful. 0 errors, 5 warnings
    Info: Peak virtual memory: 744 megabytes
    Info: Processing ended: Sun Mar 29 19:19:45 2026
    Info: Elapsed time: 00:00:05
    Info: Total CPU time (on all processors): 00:00:03


